<?xml version="1.0" encoding="UTF-8"?>
<!-- ***************************************** -->
<!-- This file was automatically generated by tools designed and maintained by Leutron Vision, Matrox, Groget, MVTec Software. -->
<!-- Copyright (C) 2007-2016 Leutron Vision, Matrox, Groget, MVTec Software. -->
<!-- You can freely use and modify the file without restrictions. -->
<!-- The file is provided as is, without any warranty. Bug reports and other feedback is appreciated. -->
<!-- ***************************************** -->
<!--   -->
<!-- ***************************************** -->
<!-- Version and date information: -->
<!-- SFNC type: GenTL -->
<!-- SFNC version: 1.1.1 -->
<!-- SFNC release date: 2007-02-08 -->
<!-- TXT extractor version: 1.4.1 -->
<!-- TXT extraction date: 2017-02-08 -->
<!-- XML generator version: 3.2 -->
<!-- XML generation date: 2017-02-08 -->
<!-- ***************************************** -->
<RegisterDescription xmlns="http://www.genicam.org/GenApi/Version_1_1" xmlns:xsi="http://www.w3.org/2001/XMLSchema-instance" xsi:schemaLocation="http://www.genicam.org/GenApi/Version_1_1 http://www.genicam.org/GenApi/GenApiSchema_Version_1_1.xsd" ModelName="SFNC_Camera" VendorName="Generic" ToolTip="Reference SFNC camera XML (autogenerated)" StandardNameSpace="None" SchemaMajorVersion="1" SchemaMinorVersion="1" SchemaSubMinorVersion="0" MajorVersion="1" MinorVersion="1" SubMinorVersion="1" ProductGuid="11111111-2222-3333-4444-555555555555" VersionGuid="AAAAAAAA-BBBB-CCCC-DDDD-EEEEEEEEEEEE">
  <!-- ***************************************** -->
  <!-- RootCategory -->
  <!-- ***************************************** -->
  <Group Comment="RootCategory">
    <Category Name="Root" NameSpace="Standard">
      <!-- Mandatory element -->
      <Visibility>Beginner</Visibility>
      <ImposedAccessMode>RO</ImposedAccessMode>
      <pFeature>BufferInformation</pFeature>
      <pFeature>BufferDataInformation</pFeature>
    </Category>
  </Group>
  <!-- ***************************************** -->
  <!-- SubCategories -->
  <!-- ***************************************** -->
  <Group Comment="SubCategories">
    <Category Name="BufferInformation" NameSpace="Standard">
      <!-- Optional element -->
      <ToolTip>Category that contains all Buffer Information features of the Buffer module.</ToolTip>
      <Description>Category that contains all Buffer Information features of the Buffer module.</Description>
      <DisplayName>Buffer Information</DisplayName>
      <Visibility>Expert</Visibility>
      <ImposedAccessMode>RO</ImposedAccessMode>
      <pFeature>BufferUserData</pFeature>
      <pFeature>BufferType</pFeature>
      <pFeature>BufferSize</pFeature>
      <pFeature>BufferTimeStamp</pFeature>
    </Category>
    <Category Name="BufferDataInformation" NameSpace="Standard">
      <!-- Optional element -->
      <ToolTip>Contains all Buffer Data Information features of the Buffer module.</ToolTip>
      <Description>Contains all Buffer Data Information features of the Buffer module.</Description>
      <DisplayName>Buffer Data Information</DisplayName>
      <Visibility>Expert</Visibility>
      <ImposedAccessMode>RO</ImposedAccessMode>
      <pFeature>BufferData</pFeature>
      <pFeature>BufferNewData</pFeature>
      <pFeature>BufferIsQueued</pFeature>
      <pFeature>BufferIsAcquiring</pFeature>
      <pFeature>BufferIsIncomplete</pFeature>
      <pFeature>BufferPayloadType</pFeature>
      <pFeature>BufferNumberOfParts</pFeature>
      <pFeature>BufferPartSelector</pFeature>
      <pFeature>BufferSizeFilled</pFeature>
      <pFeature>BufferPartDataType</pFeature>
      <pFeature>BufferPartSourceIDValue</pFeature>
      <pFeature>BufferPartRegionIDValue</pFeature>
      <pFeature>BufferPartComponentIDValue</pFeature>
      <pFeature>BufferWidth</pFeature>
      <pFeature>BufferHeight</pFeature>
      <pFeature>BufferXOffset</pFeature>
      <pFeature>BufferYOffset</pFeature>
      <pFeature>BufferXPadding</pFeature>
      <pFeature>BufferYPadding</pFeature>
      <pFeature>BufferFrameID</pFeature>
      <pFeature>BufferImagePresent</pFeature>
      <pFeature>BufferImageOffset</pFeature>
      <pFeature>BufferPixelFormat</pFeature>
      <pFeature>BufferDeliveredImageHeight</pFeature>
      <pFeature>BufferDeliveredChunkPayloadSize</pFeature>
      <pFeature>BufferChunkLayoutID</pFeature>
      <pFeature>BufferFileName</pFeature>
    </Category>
  </Group>
  <!-- ***************************************** -->
  <!-- BufferInformation -->
  <!-- ***************************************** -->
  <Group Comment="BufferInformation">
    <Integer Name="BufferUserData" NameSpace="Standard">
      <!-- Optional element -->
      <ToolTip>Pointer to user data casted to an integer number referencing GenTL Consumer specific data.</ToolTip>
      <Description>Pointer to user data casted to an integer number referencing GenTL Consumer specific data. It is reflecting the pointer provided by the user data pointer at buffer announcement.This allows the GenTL Consumer to attach information to a buffer.</Description>
      <DisplayName>Buffer User Data</DisplayName>
      <Visibility>Expert</Visibility>
      <ImposedAccessMode>RO</ImposedAccessMode>
      <Value>0</Value>
    </Integer>
    <Enumeration Name="BufferType" NameSpace="Standard">
      <!-- Optional element -->
      <ToolTip>Transport layer type of the buffer.</ToolTip>
      <Description>Transport layer type of the buffer.</Description>
      <DisplayName>Buffer Type</DisplayName>
      <Visibility>Expert</Visibility>
      <ImposedAccessMode>RO</ImposedAccessMode>
      <EnumEntry Name="GigEVision" NameSpace="Standard">
        <ToolTip>GigE Vision.</ToolTip>
        <Description>GigE Vision</Description>
        <DisplayName>GigE Vision</DisplayName>
        <Value>0</Value>
      </EnumEntry>
      <EnumEntry Name="CameraLink" NameSpace="Standard">
        <ToolTip>Camera Link.</ToolTip>
        <Description>Camera Link</Description>
        <DisplayName>Camera Link</DisplayName>
        <Value>1</Value>
      </EnumEntry>
      <EnumEntry Name="CameraLinkHS" NameSpace="Standard">
        <ToolTip>Camera Link High Speed.</ToolTip>
        <Description>Camera Link High Speed</Description>
        <DisplayName>Camera Link HS</DisplayName>
        <Value>2</Value>
      </EnumEntry>
      <EnumEntry Name="CoaXPress" NameSpace="Standard">
        <ToolTip>CoaXPress.</ToolTip>
        <Description>CoaXPress</Description>
        <DisplayName>CoaXPress</DisplayName>
        <Value>3</Value>
      </EnumEntry>
      <EnumEntry Name="USB3Vision" NameSpace="Standard">
        <ToolTip>USB3 Vision.</ToolTip>
        <Description>USB3 Vision</Description>
        <DisplayName>USB3 Vision</DisplayName>
        <Value>4</Value>
      </EnumEntry>
      <EnumEntry Name="Custom" NameSpace="Standard">
        <ToolTip>Custom transport layer.</ToolTip>
        <Description>Custom transport layer</Description>
        <DisplayName>Custom</DisplayName>
        <Value>5</Value>
      </EnumEntry>
      <Value>0</Value>
    </Enumeration>
    <Integer Name="BufferSize" NameSpace="Standard">
      <!-- Optional element -->
      <ToolTip>Size of the buffer in bytes.</ToolTip>
      <Description>Size of the buffer in bytes.</Description>
      <DisplayName>Buffer Size</DisplayName>
      <Visibility>Expert</Visibility>
      <ImposedAccessMode>RO</ImposedAccessMode>
      <Value>0</Value>
      <Unit>Byte</Unit>
    </Integer>
    <Integer Name="BufferTimeStamp" NameSpace="Standard">
      <!-- Optional element -->
      <ToolTip>Timestamp the buffer was acquired.</ToolTip>
      <Description>Timestamp the buffer was acquired. The unit is device/implementation dependent. In case the technology and/or the device does not support this for example under Windows a QueryPerformanceCounter can be used.</Description>
      <DisplayName>Buffer Time Stamp</DisplayName>
      <Visibility>Expert</Visibility>
      <ImposedAccessMode>RO</ImposedAccessMode>
      <Value>0</Value>
    </Integer>
  </Group>
  <!-- ***************************************** -->
  <!-- BufferDataInformation -->
  <!-- ***************************************** -->
  <Group Comment="BufferDataInformation">
    <Register Name="BufferData" NameSpace="Standard">
      <!-- Optional element -->
      <ToolTip>Entire buffer data.</ToolTip>
      <Description>Entire buffer data.</Description>
      <DisplayName>Buffer Data</DisplayName>
      <Visibility>Expert</Visibility>
      <ImposedAccessMode>RW</ImposedAccessMode>
      <Address>0x0</Address>
      <Length>1</Length>
      <AccessMode>RW</AccessMode>
      <pPort>BufferPort</pPort>
    </Register>
    <Boolean Name="BufferNewData" NameSpace="Standard">
      <!-- Optional element -->
      <ToolTip>Flag to indicate that the buffer contains new data since the last delivery.</ToolTip>
      <Description>Flag to indicate that the buffer contains new data since the last delivery.</Description>
      <DisplayName>Buffer New Data</DisplayName>
      <Visibility>Expert</Visibility>
      <ImposedAccessMode>RO</ImposedAccessMode>
      <Value>0</Value>
    </Boolean>
    <Boolean Name="BufferIsQueued" NameSpace="Standard">
      <!-- Optional element -->
      <ToolTip>Flag to indicate if the buffer is in the input pool or output buffer queue.</ToolTip>
      <Description>Flag to indicate if the buffer is in the input pool or output buffer queue.</Description>
      <DisplayName>Buffer Is Queued</DisplayName>
      <Visibility>Expert</Visibility>
      <ImposedAccessMode>RO</ImposedAccessMode>
      <Value>0</Value>
    </Boolean>
    <Boolean Name="BufferIsAcquiring" NameSpace="Standard">
      <!-- Optional element -->
      <ToolTip>Flag to indicate that the buffer is currently being filled with data.</ToolTip>
      <Description>Flag to indicate that the buffer is currently being filled with data.</Description>
      <DisplayName>Buffer Is Acquiring</DisplayName>
      <Visibility>Expert</Visibility>
      <ImposedAccessMode>RO</ImposedAccessMode>
      <Value>0</Value>
    </Boolean>
    <Boolean Name="BufferIsIncomplete" NameSpace="Standard">
      <!-- Optional element -->
      <ToolTip>Flag to indicate that a buffer was filled but an error occurred during that process.</ToolTip>
      <Description>Flag to indicate that a buffer was filled but an error occurred during that process.</Description>
      <DisplayName>Buffer Is Incomplete</DisplayName>
      <Visibility>Expert</Visibility>
      <ImposedAccessMode>RO</ImposedAccessMode>
      <Value>0</Value>
    </Boolean>
    <Enumeration Name="BufferPayloadType" NameSpace="Standard">
      <!-- Optional element -->
      <ToolTip>Payload type of the data.</ToolTip>
      <Description>Payload type of the data.</Description>
      <DisplayName>Buffer Payload Type</DisplayName>
      <Visibility>Expert</Visibility>
      <ImposedAccessMode>RO</ImposedAccessMode>
      <EnumEntry Name="Unknown" NameSpace="Standard">
        <ToolTip>The GenTL Producer is not aware of the payload type of the data in the provided buffer.</ToolTip>
        <Description>The GenTL Producer is not aware of the payload type of the data in the provided buffer. For the GenTL Consumer perspective this can be handled as raw data.</Description>
        <DisplayName>Unknown</DisplayName>
        <Value>0</Value>
      </EnumEntry>
      <EnumEntry Name="Image" NameSpace="Standard">
        <ToolTip>The buffer payload contains pure image data.</ToolTip>
        <Description>The buffer payload contains pure image data. In particular, no chunk data is attached to the image.</Description>
        <DisplayName>Image</DisplayName>
        <Value>1</Value>
      </EnumEntry>
      <EnumEntry Name="RawData" NameSpace="Standard">
        <ToolTip>The buffer payload contains raw, unspecified data.</ToolTip>
        <Description>The buffer payload contains raw, unspecified data. For instance this can be used to send acquisition statistics.</Description>
        <DisplayName>Raw Data</DisplayName>
        <Value>2</Value>
      </EnumEntry>
      <EnumEntry Name="File" NameSpace="Standard">
        <ToolTip>The buffer payload contains data of a file.</ToolTip>
        <Description>The buffer payload contains data of a file. It is used to transfer files, such as JPEG compressed images, which can be stored by the GenTL Producer directly to a hard disk. The user might get a hint how to interpret the buffer by the filename by the "BufferFileName" feature.</Description>
        <DisplayName>File</DisplayName>
        <Value>3</Value>
      </EnumEntry>
      <EnumEntry Name="ChunkData" NameSpace="Standard">
        <ToolTip>The buffer payload contains chunk data which can be parsed.</ToolTip>
        <Description>The buffer payload contains chunk data which can be parsed. The chunk data type might be reported through SFNC or deduced from the technology the device is based on. Note that the chunk data can also contain an image. The GenTL Producer should report the presence, position (offset in the buffer) and properties of the image through corresponding BUFFER_INFO_CMD commands.</Description>
        <DisplayName>Chunk Data</DisplayName>
        <Value>4</Value>
      </EnumEntry>
      <EnumEntry Name="JPEG" NameSpace="Standard">
        <ToolTip>The buffer payload is a Jpeg formatted image.</ToolTip>
        <Description>The buffer payload is a Jpeg formatted image.</Description>
        <DisplayName>JPEG</DisplayName>
        <Value>5</Value>
      </EnumEntry>
      <EnumEntry Name="JPEG2000" NameSpace="Standard">
        <ToolTip>The buffer payload is a JPEG2000 formatted image.</ToolTip>
        <Description>The buffer payload is a JPEG2000 formatted image.</Description>
        <DisplayName>JPEG 2000</DisplayName>
        <Value>6</Value>
      </EnumEntry>
      <EnumEntry Name="H264" NameSpace="Standard">
        <ToolTip>The buffer payload is H.264 formatted image data.</ToolTip>
        <Description>The buffer payload is H.264 formatted image data.</Description>
        <DisplayName>H 264</DisplayName>
        <Value>7</Value>
      </EnumEntry>
      <EnumEntry Name="ChunkOnly" NameSpace="Standard">
        <ToolTip>The buffer only contains chunk data.</ToolTip>
        <Description>The buffer only contains chunk data.</Description>
        <DisplayName>Chunk Only</DisplayName>
        <Value>8</Value>
      </EnumEntry>
      <EnumEntry Name="MultiPart" NameSpace="Standard">
        <ToolTip>The buffer payload has multiple parts.</ToolTip>
        <Description>The buffer payload has multiple parts.</Description>
        <DisplayName>Multi Part</DisplayName>
        <Value>9</Value>
      </EnumEntry>
      <Value>0</Value>
    </Enumeration>
    <Integer Name="BufferNumberOfParts" NameSpace="Standard">
      <!-- Optional element -->
      <ToolTip>The number of parts in the current buffer as delivered by the transport mechanism.</ToolTip>
      <Description>The number of parts in the current buffer as delivered by the transport mechanism. For non-multipart this is 0, giving that it is not a multipart buffer.</Description>
      <DisplayName>Buffer Number Of Parts</DisplayName>
      <Visibility>Expert</Visibility>
      <ImposedAccessMode>RO</ImposedAccessMode>
      <Value>0</Value>
    </Integer>
    <Integer Name="BufferPartSelector" NameSpace="Standard">
      <!-- Optional element -->
      <ToolTip>The buffer part to extract information from.</ToolTip>
      <Description>The buffer part to extract information from. For non-multipart the value is 0. The maximum value should be dynamic and reflect the number of parts possible to index.</Description>
      <DisplayName>Buffer Part Selector</DisplayName>
      <Visibility>Expert</Visibility>
      <ImposedAccessMode>RO</ImposedAccessMode>
      <Value>0</Value>
      <pSelected>BufferPartDataType</pSelected>
      <pSelected>BufferPartSourceIDValue</pSelected>
      <pSelected>BufferPartRegionIDValue</pSelected>
      <pSelected>BufferPartComponentIDValue</pSelected>
      <pSelected>BufferWidth</pSelected>
      <pSelected>BufferHeight</pSelected>
      <pSelected>BufferXOffset</pSelected>
      <pSelected>BufferYOffset</pSelected>
      <pSelected>BufferXPadding</pSelected>
      <pSelected>BufferPixelFormat</pSelected>
      <pSelected>BufferDeliveredImageHeight</pSelected>
    </Integer>
    <Integer Name="BufferSizeFilled" NameSpace="Standard">
      <!-- Optional element -->
      <ToolTip>Number of bytes written into the buffer last time it has been filled.</ToolTip>
      <Description>Number of bytes written into the buffer last time it has been filled. This value is reset to 0 when the buffer is placed into the Input Buffer Pool.</Description>
      <DisplayName>Buffer Size Filled</DisplayName>
      <Visibility>Expert</Visibility>
      <ImposedAccessMode>RO</ImposedAccessMode>
      <Value>0</Value>
      <Unit>Byte</Unit>
    </Integer>
    <Enumeration Name="BufferPartDataType" NameSpace="Standard">
      <!-- Optional element -->
      <ToolTip>The data type of the part.</ToolTip>
      <Description>The data type of the part.</Description>
      <DisplayName>Buffer Part Data Type</DisplayName>
      <Visibility>Expert</Visibility>
      <ImposedAccessMode>RO</ImposedAccessMode>
      <EnumEntry Name="Image2D" NameSpace="Standard">
        <ToolTip>Image 2 D</ToolTip>
        <Description>Image 2 D</Description>
        <DisplayName>Image 2 D</DisplayName>
        <Value>0</Value>
      </EnumEntry>
      <EnumEntry Name="BiplanarImagePlane2D" NameSpace="Standard">
        <ToolTip>Biplanar Image Plane 2 D</ToolTip>
        <Description>Biplanar Image Plane 2 D</Description>
        <DisplayName>Biplanar Image Plane 2 D</DisplayName>
        <Value>1</Value>
      </EnumEntry>
      <EnumEntry Name="TriplanarImagePlane2D" NameSpace="Standard">
        <ToolTip>Triplanar Image Plane 2 D</ToolTip>
        <Description>Triplanar Image Plane 2 D</Description>
        <DisplayName>Triplanar Image Plane 2 D</DisplayName>
        <Value>2</Value>
      </EnumEntry>
      <EnumEntry Name="QuadPlanarImagePlane2D" NameSpace="Standard">
        <ToolTip>Quad Planar Image Plane 2 D</ToolTip>
        <Description>Quad Planar Image Plane 2 D</Description>
        <DisplayName>Quad Planar Image Plane 2 D</DisplayName>
        <Value>3</Value>
      </EnumEntry>
      <EnumEntry Name="Image3D" NameSpace="Standard">
        <ToolTip>Image 3 D</ToolTip>
        <Description>Image 3 D</Description>
        <DisplayName>Image 3 D</DisplayName>
        <Value>4</Value>
      </EnumEntry>
      <EnumEntry Name="BiplanarImagePlane3D" NameSpace="Standard">
        <ToolTip>Biplanar Image Plane 3 D</ToolTip>
        <Description>Biplanar Image Plane 3 D</Description>
        <DisplayName>Biplanar Image Plane 3 D</DisplayName>
        <Value>5</Value>
      </EnumEntry>
      <EnumEntry Name="TriplanarImagePlane3D" NameSpace="Standard">
        <ToolTip>Triplanar Image Plane 3 D</ToolTip>
        <Description>Triplanar Image Plane 3 D</Description>
        <DisplayName>Triplanar Image Plane 3 D</DisplayName>
        <Value>6</Value>
      </EnumEntry>
      <EnumEntry Name="QuadPlanarImagePlane3D" NameSpace="Standard">
        <ToolTip>Quad Planar Image Plane 3 D</ToolTip>
        <Description>Quad Planar Image Plane 3 D</Description>
        <DisplayName>Quad Planar Image Plane 3 D</DisplayName>
        <Value>7</Value>
      </EnumEntry>
      <EnumEntry Name="ConfidenceMap" NameSpace="Standard">
        <ToolTip>Confidence Map</ToolTip>
        <Description>Confidence Map</Description>
        <DisplayName>Confidence Map</DisplayName>
        <Value>8</Value>
      </EnumEntry>
      <EnumEntry Name="Chunk" NameSpace="Standard">
        <ToolTip>Chunk</ToolTip>
        <Description>Chunk</Description>
        <DisplayName>Chunk</DisplayName>
        <Value>9</Value>
      </EnumEntry>
      <EnumEntry Name="Custom" NameSpace="Standard">
        <ToolTip>Custom</ToolTip>
        <Description>Custom</Description>
        <DisplayName>Custom</DisplayName>
        <Value>10</Value>
      </EnumEntry>
      <Value>0</Value>
    </Enumeration>
    <Integer Name="BufferPartSourceIDValue" NameSpace="Standard">
      <!-- Optional element -->
      <ToolTip>The Source ID type of the part.</ToolTip>
      <Description>The Source ID type of the part.</Description>
      <DisplayName>Buffer Part Source ID Value</DisplayName>
      <Visibility>Expert</Visibility>
      <ImposedAccessMode>RO</ImposedAccessMode>
      <Value>0</Value>
    </Integer>
    <Integer Name="BufferPartRegionIDValue" NameSpace="Standard">
      <!-- Optional element -->
      <ToolTip>The Region ID type of the part.</ToolTip>
      <Description>The Region ID type of the part. Tentative for GenTL 1.6.</Description>
      <DisplayName>Buffer Part Region ID Value</DisplayName>
      <Visibility>Expert</Visibility>
      <ImposedAccessMode>RO</ImposedAccessMode>
      <Value>0</Value>
    </Integer>
    <Integer Name="BufferPartComponentIDValue" NameSpace="Standard">
      <!-- Optional element -->
      <ToolTip>The Component ID type of the part.</ToolTip>
      <Description>The Component ID type of the part. Tentative for GenTL 1.6.</Description>
      <DisplayName>Buffer Part Component ID Value</DisplayName>
      <Visibility>Expert</Visibility>
      <ImposedAccessMode>RO</ImposedAccessMode>
      <Value>0</Value>
    </Integer>
    <Integer Name="BufferWidth" NameSpace="Standard">
      <!-- Optional element -->
      <ToolTip>Width of the data in the buffer in number of pixels.</ToolTip>
      <Description>Width of the data in the buffer in number of pixels.</Description>
      <DisplayName>Buffer Width</DisplayName>
      <Visibility>Expert</Visibility>
      <ImposedAccessMode>RO</ImposedAccessMode>
      <Value>0</Value>
    </Integer>
    <Integer Name="BufferHeight" NameSpace="Standard">
      <!-- Optional element -->
      <ToolTip>Height of the data in the buffer in number of pixels as configured.</ToolTip>
      <Description>Height of the data in the buffer in number of pixels as configured. For variable size images this is the max Height of the buffer.</Description>
      <DisplayName>Buffer Height</DisplayName>
      <Visibility>Expert</Visibility>
      <ImposedAccessMode>RO</ImposedAccessMode>
      <Value>0</Value>
    </Integer>
    <Integer Name="BufferXOffset" NameSpace="Standard">
      <!-- Optional element -->
      <ToolTip>XOffset of the data in the buffer in number of pixels from the image origin to handle areas of interest.</ToolTip>
      <Description>XOffset of the data in the buffer in number of pixels from the image origin to handle areas of interest.</Description>
      <DisplayName>Buffer X Offset</DisplayName>
      <Visibility>Expert</Visibility>
      <ImposedAccessMode>RO</ImposedAccessMode>
      <Value>0</Value>
    </Integer>
    <Integer Name="BufferYOffset" NameSpace="Standard">
      <!-- Optional element -->
      <ToolTip>YOffset of the data in the buffer in number of lines from the image origin to handle areas of interest.</ToolTip>
      <Description>YOffset of the data in the buffer in number of lines from the image origin to handle areas of interest.</Description>
      <DisplayName>Buffer Y Offset</DisplayName>
      <Visibility>Expert</Visibility>
      <ImposedAccessMode>RO</ImposedAccessMode>
      <Value>0</Value>
    </Integer>
    <Integer Name="BufferXPadding" NameSpace="Standard">
      <!-- Optional element -->
      <ToolTip>XPadding of the data in the buffer in number of bytes.</ToolTip>
      <Description>XPadding of the data in the buffer in number of bytes.</Description>
      <DisplayName>Buffer X Padding</DisplayName>
      <Visibility>Expert</Visibility>
      <ImposedAccessMode>RO</ImposedAccessMode>
      <Value>0</Value>
    </Integer>
    <Integer Name="BufferYPadding" NameSpace="Standard">
      <!-- Optional element -->
      <ToolTip>YPadding of the data in the buffer in number of bytes.</ToolTip>
      <Description>YPadding of the data in the buffer in number of bytes.</Description>
      <DisplayName>Buffer Y Padding</DisplayName>
      <Visibility>Expert</Visibility>
      <ImposedAccessMode>RO</ImposedAccessMode>
      <Value>0</Value>
      <Unit>Byte</Unit>
    </Integer>
    <Integer Name="BufferFrameID" NameSpace="Standard">
      <!-- Recommended element -->
      <ToolTip>A sequentially incremented number of the frame.</ToolTip>
      <Description>A sequentially incremented number of the frame.</Description>
      <DisplayName>Buffer Frame ID</DisplayName>
      <Visibility>Expert</Visibility>
      <ImposedAccessMode>RO</ImposedAccessMode>
      <Value>0</Value>
    </Integer>
    <Boolean Name="BufferImagePresent" NameSpace="Standard">
      <!-- Optional element -->
      <ToolTip>Flag to indicate if the current data in the buffer contains image data.</ToolTip>
      <Description>Flag to indicate if the current data in the buffer contains image data.</Description>
      <DisplayName>Buffer Image Present</DisplayName>
      <Visibility>Expert</Visibility>
      <ImposedAccessMode>RO</ImposedAccessMode>
      <Value>0</Value>
    </Boolean>
    <Integer Name="BufferImageOffset" NameSpace="Standard">
      <!-- Optional element -->
      <ToolTip>Offset of the image data from the beginning of the delivered buffer in bytes.</ToolTip>
      <Description>Offset of the image data from the beginning of the delivered buffer in bytes. Applies for example when delivering the image as part of chunk data or on technologies requiring specific buffer alignment.</Description>
      <DisplayName>Buffer Image Offset</DisplayName>
      <Visibility>Expert</Visibility>
      <ImposedAccessMode>RO</ImposedAccessMode>
      <Value>0</Value>
      <Unit>Byte</Unit>
    </Integer>
    <Enumeration Name="BufferPixelFormat" NameSpace="Standard">
      <!-- Optional element -->
      <ToolTip>Format of the pixels provided by the buffer.</ToolTip>
      <Description>Format of the pixels provided by the buffer.</Description>
      <DisplayName>Buffer Pixel Format</DisplayName>
      <Visibility>Expert</Visibility>
      <ImposedAccessMode>RO</ImposedAccessMode>
      <EnumEntry Name="Mono1p" NameSpace="Standard">
        <ToolTip>Monochrome 1-bit packed</ToolTip>
        <Description>Monochrome 1-bit packed</Description>
        <DisplayName>Mono1p</DisplayName>
        <Value>0x01010037</Value>
      </EnumEntry>
      <EnumEntry Name="Mono2p" NameSpace="Standard">
        <ToolTip>Monochrome 2-bit packed</ToolTip>
        <Description>Monochrome 2-bit packed</Description>
        <DisplayName>Mono2p</DisplayName>
        <Value>0x01020038</Value>
      </EnumEntry>
      <EnumEntry Name="Mono4p" NameSpace="Standard">
        <ToolTip>Monochrome 4-bit packed</ToolTip>
        <Description>Monochrome 4-bit packed</Description>
        <DisplayName>Mono4p</DisplayName>
        <Value>0x01040039</Value>
      </EnumEntry>
      <EnumEntry Name="Mono8" NameSpace="Standard">
        <ToolTip>Monochrome 8-bit</ToolTip>
        <Description>Monochrome 8-bit</Description>
        <DisplayName>Mono8</DisplayName>
        <Value>0x01080001</Value>
      </EnumEntry>
      <EnumEntry Name="Mono8s" NameSpace="Standard">
        <ToolTip>Monochrome 8-bit signed</ToolTip>
        <Description>Monochrome 8-bit signed</Description>
        <DisplayName>Mono8s</DisplayName>
        <Value>0x01080002</Value>
      </EnumEntry>
      <EnumEntry Name="Mono10" NameSpace="Standard">
        <ToolTip>Monochrome 10-bit unpacked</ToolTip>
        <Description>Monochrome 10-bit unpacked</Description>
        <DisplayName>Mono10</DisplayName>
        <Value>0x01100003</Value>
      </EnumEntry>
      <EnumEntry Name="Mono10p" NameSpace="Standard">
        <ToolTip>Monochrome 10-bit packed</ToolTip>
        <Description>Monochrome 10-bit packed</Description>
        <DisplayName>Mono10p</DisplayName>
        <Value>0x010A0046</Value>
      </EnumEntry>
      <EnumEntry Name="Mono12" NameSpace="Standard">
        <ToolTip>Monochrome 12-bit unpacked</ToolTip>
        <Description>Monochrome 12-bit unpacked</Description>
        <DisplayName>Mono12</DisplayName>
        <Value>0x01100005</Value>
      </EnumEntry>
      <EnumEntry Name="Mono12p" NameSpace="Standard">
        <ToolTip>Monochrome 12-bit packed</ToolTip>
        <Description>Monochrome 12-bit packed</Description>
        <DisplayName>Mono12p</DisplayName>
        <Value>0x010C0047</Value>
      </EnumEntry>
      <EnumEntry Name="Mono14" NameSpace="Standard">
        <ToolTip>Monochrome 14-bit unpacked</ToolTip>
        <Description>Monochrome 14-bit unpacked</Description>
        <DisplayName>Mono14</DisplayName>
        <Value>0x01100025</Value>
      </EnumEntry>
      <EnumEntry Name="Mono16" NameSpace="Standard">
        <ToolTip>Monochrome 16-bit</ToolTip>
        <Description>Monochrome 16-bit</Description>
        <DisplayName>Mono16</DisplayName>
        <Value>0x01100007</Value>
      </EnumEntry>
      <EnumEntry Name="BayerBG8" NameSpace="Standard">
        <ToolTip>Bayer Blue-Green 8-bit</ToolTip>
        <Description>Bayer Blue-Green 8-bit</Description>
        <DisplayName>BayerBG8</DisplayName>
        <Value>0x0108000B</Value>
      </EnumEntry>
      <EnumEntry Name="BayerBG10" NameSpace="Standard">
        <ToolTip>Bayer Blue-Green 10-bit unpacked</ToolTip>
        <Description>Bayer Blue-Green 10-bit unpacked</Description>
        <DisplayName>BayerBG10</DisplayName>
        <Value>0x0110000F</Value>
      </EnumEntry>
      <EnumEntry Name="BayerBG10p" NameSpace="Standard">
        <ToolTip>Bayer Blue-Green 10-bit packed</ToolTip>
        <Description>Bayer Blue-Green 10-bit packed</Description>
        <DisplayName>BayerBG10p</DisplayName>
        <Value>0x010A0052</Value>
      </EnumEntry>
      <EnumEntry Name="BayerBG12" NameSpace="Standard">
        <ToolTip>Bayer Blue-Green 12-bit unpacked</ToolTip>
        <Description>Bayer Blue-Green 12-bit unpacked</Description>
        <DisplayName>BayerBG12</DisplayName>
        <Value>0x01100013</Value>
      </EnumEntry>
      <EnumEntry Name="BayerBG12p" NameSpace="Standard">
        <ToolTip>Bayer Blue-Green 12-bit packed</ToolTip>
        <Description>Bayer Blue-Green 12-bit packed</Description>
        <DisplayName>BayerBG12p</DisplayName>
        <Value>0x010C0053</Value>
      </EnumEntry>
      <EnumEntry Name="BayerBG16" NameSpace="Standard">
        <ToolTip>Bayer Blue-Green 16-bit</ToolTip>
        <Description>Bayer Blue-Green 16-bit</Description>
        <DisplayName>BayerBG16</DisplayName>
        <Value>0x01100031</Value>
      </EnumEntry>
      <EnumEntry Name="BayerGB8" NameSpace="Standard">
        <ToolTip>Bayer Green-Blue 8-bit</ToolTip>
        <Description>Bayer Green-Blue 8-bit</Description>
        <DisplayName>BayerGB8</DisplayName>
        <Value>0x0108000A</Value>
      </EnumEntry>
      <EnumEntry Name="BayerGB10" NameSpace="Standard">
        <ToolTip>Bayer Green-Blue 10-bit unpacked</ToolTip>
        <Description>Bayer Green-Blue 10-bit unpacked</Description>
        <DisplayName>BayerGB10</DisplayName>
        <Value>0x0110000E</Value>
      </EnumEntry>
      <EnumEntry Name="BayerGB10p" NameSpace="Standard">
        <ToolTip>Bayer Green-Blue 10-bit packed</ToolTip>
        <Description>Bayer Green-Blue 10-bit packed</Description>
        <DisplayName>BayerGB10p</DisplayName>
        <Value>0x010A0054</Value>
      </EnumEntry>
      <EnumEntry Name="BayerGB12" NameSpace="Standard">
        <ToolTip>Bayer Green-Blue 12-bit unpacked</ToolTip>
        <Description>Bayer Green-Blue 12-bit unpacked</Description>
        <DisplayName>BayerGB12</DisplayName>
        <Value>0x01100012</Value>
      </EnumEntry>
      <EnumEntry Name="BayerGB12p" NameSpace="Standard">
        <ToolTip>Bayer Green-Blue 12-bit packed</ToolTip>
        <Description>Bayer Green-Blue 12-bit packed</Description>
        <DisplayName>BayerGB12p</DisplayName>
        <Value>0x010C0055</Value>
      </EnumEntry>
      <EnumEntry Name="BayerGB16" NameSpace="Standard">
        <ToolTip>Bayer Green-Blue 16-bit</ToolTip>
        <Description>Bayer Green-Blue 16-bit</Description>
        <DisplayName>BayerGB16</DisplayName>
        <Value>0x01100030</Value>
      </EnumEntry>
      <EnumEntry Name="BayerGR8" NameSpace="Standard">
        <ToolTip>Bayer Green-Red 8-bit</ToolTip>
        <Description>Bayer Green-Red 8-bit</Description>
        <DisplayName>BayerGR8</DisplayName>
        <Value>0x01080008</Value>
      </EnumEntry>
      <EnumEntry Name="BayerGR10" NameSpace="Standard">
        <ToolTip>Bayer Green-Red 10-bit unpacked</ToolTip>
        <Description>Bayer Green-Red 10-bit unpacked</Description>
        <DisplayName>BayerGR10</DisplayName>
        <Value>0x0110000C</Value>
      </EnumEntry>
      <EnumEntry Name="BayerGR10p" NameSpace="Standard">
        <ToolTip>Bayer Green-Red 10-bit packed</ToolTip>
        <Description>Bayer Green-Red 10-bit packed</Description>
        <DisplayName>BayerGR10p</DisplayName>
        <Value>0x010A0056</Value>
      </EnumEntry>
      <EnumEntry Name="BayerGR12" NameSpace="Standard">
        <ToolTip>Bayer Green-Red 12-bit unpacked</ToolTip>
        <Description>Bayer Green-Red 12-bit unpacked</Description>
        <DisplayName>BayerGR12</DisplayName>
        <Value>0x01100010</Value>
      </EnumEntry>
      <EnumEntry Name="BayerGR12p" NameSpace="Standard">
        <ToolTip>Bayer Green-Red 12-bit packed</ToolTip>
        <Description>Bayer Green-Red 12-bit packed</Description>
        <DisplayName>BayerGR12p</DisplayName>
        <Value>0x010C0057</Value>
      </EnumEntry>
      <EnumEntry Name="BayerGR16" NameSpace="Standard">
        <ToolTip>Bayer Green-Red 16-bit</ToolTip>
        <Description>Bayer Green-Red 16-bit</Description>
        <DisplayName>BayerGR16</DisplayName>
        <Value>0x0110002E</Value>
      </EnumEntry>
      <EnumEntry Name="BayerRG8" NameSpace="Standard">
        <ToolTip>Bayer Red-Green 8-bit</ToolTip>
        <Description>Bayer Red-Green 8-bit</Description>
        <DisplayName>BayerRG8</DisplayName>
        <Value>0x01080009</Value>
      </EnumEntry>
      <EnumEntry Name="BayerRG10" NameSpace="Standard">
        <ToolTip>Bayer Red-Green 10-bit unpacked</ToolTip>
        <Description>Bayer Red-Green 10-bit unpacked</Description>
        <DisplayName>BayerRG10</DisplayName>
        <Value>0x0110000D</Value>
      </EnumEntry>
      <EnumEntry Name="BayerRG10p" NameSpace="Standard">
        <ToolTip>Bayer Red-Green 10-bit packed</ToolTip>
        <Description>Bayer Red-Green 10-bit packed</Description>
        <DisplayName>BayerRG10p</DisplayName>
        <Value>0x010A0058</Value>
      </EnumEntry>
      <EnumEntry Name="BayerRG12" NameSpace="Standard">
        <ToolTip>Bayer Red-Green 12-bit unpacked</ToolTip>
        <Description>Bayer Red-Green 12-bit unpacked</Description>
        <DisplayName>BayerRG12</DisplayName>
        <Value>0x01100011</Value>
      </EnumEntry>
      <EnumEntry Name="BayerRG12p" NameSpace="Standard">
        <ToolTip>Bayer Red-Green 12-bit packed</ToolTip>
        <Description>Bayer Red-Green 12-bit packed</Description>
        <DisplayName>BayerRG12p</DisplayName>
        <Value>0x010C0059</Value>
      </EnumEntry>
      <EnumEntry Name="BayerRG16" NameSpace="Standard">
        <ToolTip>Bayer Red-Green 16-bit</ToolTip>
        <Description>Bayer Red-Green 16-bit</Description>
        <DisplayName>BayerRG16</DisplayName>
        <Value>0x0110002F</Value>
      </EnumEntry>
      <EnumEntry Name="RGBa8" NameSpace="Standard">
        <ToolTip>Red-Green-Blue-alpha 8-bit</ToolTip>
        <Description>Red-Green-Blue-alpha 8-bit</Description>
        <DisplayName>RGBa8</DisplayName>
        <Value>0x02200016</Value>
      </EnumEntry>
      <EnumEntry Name="RGBa10" NameSpace="Standard">
        <ToolTip>Red-Green-Blue-alpha 10-bit unpacked</ToolTip>
        <Description>Red-Green-Blue-alpha 10-bit unpacked</Description>
        <DisplayName>RGBa10</DisplayName>
        <Value>0x0240005F</Value>
      </EnumEntry>
      <EnumEntry Name="RGBa10p" NameSpace="Standard">
        <ToolTip>Red-Green-Blue-alpha 10-bit packed</ToolTip>
        <Description>Red-Green-Blue-alpha 10-bit packed</Description>
        <DisplayName>RGBa10p</DisplayName>
        <Value>0x02280060</Value>
      </EnumEntry>
      <EnumEntry Name="RGBa12" NameSpace="Standard">
        <ToolTip>Red-Green-Blue-alpha 12-bit unpacked</ToolTip>
        <Description>Red-Green-Blue-alpha 12-bit unpacked</Description>
        <DisplayName>RGBa12</DisplayName>
        <Value>0x02400061</Value>
      </EnumEntry>
      <EnumEntry Name="RGBa12p" NameSpace="Standard">
        <ToolTip>Red-Green-Blue-alpha 12-bit packed</ToolTip>
        <Description>Red-Green-Blue-alpha 12-bit packed</Description>
        <DisplayName>RGBa12p</DisplayName>
        <Value>0x02300062</Value>
      </EnumEntry>
      <EnumEntry Name="RGBa14" NameSpace="Standard">
        <ToolTip>Red-Green-Blue-alpha 14-bit unpacked</ToolTip>
        <Description>Red-Green-Blue-alpha 14-bit unpacked</Description>
        <DisplayName>RGBa14</DisplayName>
        <Value>0x02400063</Value>
      </EnumEntry>
      <EnumEntry Name="RGBa16" NameSpace="Standard">
        <ToolTip>Red-Green-Blue-alpha 16-bit</ToolTip>
        <Description>Red-Green-Blue-alpha 16-bit</Description>
        <DisplayName>RGBa16</DisplayName>
        <Value>0x02400064</Value>
      </EnumEntry>
      <EnumEntry Name="RGB8" NameSpace="Standard">
        <ToolTip>Red-Green-Blue 8-bit</ToolTip>
        <Description>Red-Green-Blue 8-bit</Description>
        <DisplayName>RGB8</DisplayName>
        <Value>0x02180014</Value>
      </EnumEntry>
      <EnumEntry Name="RGB8_Planar" NameSpace="Standard">
        <ToolTip>Red-Green-Blue 8-bit planar</ToolTip>
        <Description>Red-Green-Blue 8-bit planar</Description>
        <DisplayName>RGB8_Planar</DisplayName>
        <Value>0x02180021</Value>
      </EnumEntry>
      <EnumEntry Name="RGB10" NameSpace="Standard">
        <ToolTip>Red-Green-Blue 10-bit unpacked</ToolTip>
        <Description>Red-Green-Blue 10-bit unpacked</Description>
        <DisplayName>RGB10</DisplayName>
        <Value>0x02300018</Value>
      </EnumEntry>
      <EnumEntry Name="RGB10_Planar" NameSpace="Standard">
        <ToolTip>Red-Green-Blue 10-bit unpacked planar</ToolTip>
        <Description>Red-Green-Blue 10-bit unpacked planar</Description>
        <DisplayName>RGB10_Planar</DisplayName>
        <Value>0x02300022</Value>
      </EnumEntry>
      <EnumEntry Name="RGB10p" NameSpace="Standard">
        <ToolTip>Red-Green-Blue 10-bit packed</ToolTip>
        <Description>Red-Green-Blue 10-bit packed</Description>
        <DisplayName>RGB10p</DisplayName>
        <Value>0x021E005C</Value>
      </EnumEntry>
      <EnumEntry Name="RGB10p32" NameSpace="Standard">
        <ToolTip>Red-Green-Blue 10-bit packed into 32-bit</ToolTip>
        <Description>Red-Green-Blue 10-bit packed into 32-bit</Description>
        <DisplayName>RGB10p32</DisplayName>
        <Value>0x0220001D</Value>
      </EnumEntry>
      <EnumEntry Name="RGB12" NameSpace="Standard">
        <ToolTip>Red-Green-Blue 12-bit unpacked</ToolTip>
        <Description>Red-Green-Blue 12-bit unpacked</Description>
        <DisplayName>RGB12</DisplayName>
        <Value>0x0230001A</Value>
      </EnumEntry>
      <EnumEntry Name="RGB12_Planar" NameSpace="Standard">
        <ToolTip>Red-Green-Blue 12-bit unpacked planar</ToolTip>
        <Description>Red-Green-Blue 12-bit unpacked planar</Description>
        <DisplayName>RGB12_Planar</DisplayName>
        <Value>0x02300023</Value>
      </EnumEntry>
      <EnumEntry Name="RGB12p" NameSpace="Standard">
        <ToolTip>Red-Green-Blue 12-bit packed  </ToolTip>
        <Description>Red-Green-Blue 12-bit packed  </Description>
        <DisplayName>RGB12p</DisplayName>
        <Value>0x0224005D</Value>
      </EnumEntry>
      <EnumEntry Name="RGB14" NameSpace="Standard">
        <ToolTip>Red-Green-Blue 14-bit unpacked</ToolTip>
        <Description>Red-Green-Blue 14-bit unpacked</Description>
        <DisplayName>RGB14</DisplayName>
        <Value>0x0230005E</Value>
      </EnumEntry>
      <EnumEntry Name="RGB16" NameSpace="Standard">
        <ToolTip>Red-Green-Blue 16-bit  </ToolTip>
        <Description>Red-Green-Blue 16-bit  </Description>
        <DisplayName>RGB16</DisplayName>
        <Value>0x02300033</Value>
      </EnumEntry>
      <EnumEntry Name="RGB16_Planar" NameSpace="Standard">
        <ToolTip>Red-Green-Blue 16-bit planar</ToolTip>
        <Description>Red-Green-Blue 16-bit planar</Description>
        <DisplayName>RGB16_Planar</DisplayName>
        <Value>0x02300024</Value>
      </EnumEntry>
      <EnumEntry Name="RGB565p" NameSpace="Standard">
        <ToolTip>Red-Green-Blue 5/6/5-bit packed</ToolTip>
        <Description>Red-Green-Blue 5/6/5-bit packed</Description>
        <DisplayName>RGB565p</DisplayName>
        <Value>0x02100035</Value>
      </EnumEntry>
      <EnumEntry Name="BGRa8" NameSpace="Standard">
        <ToolTip>Blue-Green-Red-alpha 8-bit</ToolTip>
        <Description>Blue-Green-Red-alpha 8-bit</Description>
        <DisplayName>BGRa8</DisplayName>
        <Value>0x02200017</Value>
      </EnumEntry>
      <EnumEntry Name="BGRa10" NameSpace="Standard">
        <ToolTip>Blue-Green-Red-alpha 10-bit unpacked</ToolTip>
        <Description>Blue-Green-Red-alpha 10-bit unpacked</Description>
        <DisplayName>BGRa10</DisplayName>
        <Value>0x0240004C</Value>
      </EnumEntry>
      <EnumEntry Name="BGRa10p" NameSpace="Standard">
        <ToolTip>Blue-Green-Red-alpha 10-bit packed</ToolTip>
        <Description>Blue-Green-Red-alpha 10-bit packed</Description>
        <DisplayName>BGRa10p</DisplayName>
        <Value>0x0228004D</Value>
      </EnumEntry>
      <EnumEntry Name="BGRa12" NameSpace="Standard">
        <ToolTip>Blue-Green-Red-alpha 12-bit unpacked</ToolTip>
        <Description>Blue-Green-Red-alpha 12-bit unpacked</Description>
        <DisplayName>BGRa12</DisplayName>
        <Value>0x0240004E</Value>
      </EnumEntry>
      <EnumEntry Name="BGRa12p" NameSpace="Standard">
        <ToolTip>Blue-Green-Red-alpha 12-bit packed</ToolTip>
        <Description>Blue-Green-Red-alpha 12-bit packed</Description>
        <DisplayName>BGRa12p</DisplayName>
        <Value>0x0230004F</Value>
      </EnumEntry>
      <EnumEntry Name="BGRa14" NameSpace="Standard">
        <ToolTip>Blue-Green-Red-alpha 14-bit unpacked</ToolTip>
        <Description>Blue-Green-Red-alpha 14-bit unpacked</Description>
        <DisplayName>BGRa14</DisplayName>
        <Value>0x02400050</Value>
      </EnumEntry>
      <EnumEntry Name="BGRa16" NameSpace="Standard">
        <ToolTip>Blue-Green-Red-alpha 16-bit</ToolTip>
        <Description>Blue-Green-Red-alpha 16-bit</Description>
        <DisplayName>BGRa16</DisplayName>
        <Value>0x02400051</Value>
      </EnumEntry>
      <EnumEntry Name="BGR8" NameSpace="Standard">
        <ToolTip>Blue-Green-Red 8-bit</ToolTip>
        <Description>Blue-Green-Red 8-bit</Description>
        <DisplayName>BGR8</DisplayName>
        <Value>0x02180015</Value>
      </EnumEntry>
      <EnumEntry Name="BGR10" NameSpace="Standard">
        <ToolTip>Blue-Green-Red 10-bit unpacked</ToolTip>
        <Description>Blue-Green-Red 10-bit unpacked</Description>
        <DisplayName>BGR10</DisplayName>
        <Value>0x02300019</Value>
      </EnumEntry>
      <EnumEntry Name="BGR10p" NameSpace="Standard">
        <ToolTip>Blue-Green-Red 10-bit packed</ToolTip>
        <Description>Blue-Green-Red 10-bit packed</Description>
        <DisplayName>BGR10p</DisplayName>
        <Value>0x021E0048</Value>
      </EnumEntry>
      <EnumEntry Name="BGR12" NameSpace="Standard">
        <ToolTip>Blue-Green-Red 12-bit unpacked</ToolTip>
        <Description>Blue-Green-Red 12-bit unpacked</Description>
        <DisplayName>BGR12</DisplayName>
        <Value>0x0230001B</Value>
      </EnumEntry>
      <EnumEntry Name="BGR12p" NameSpace="Standard">
        <ToolTip>Blue-Green-Red 12-bit packed</ToolTip>
        <Description>Blue-Green-Red 12-bit packed</Description>
        <DisplayName>BGR12p</DisplayName>
        <Value>0x02240049</Value>
      </EnumEntry>
      <EnumEntry Name="BGR14" NameSpace="Standard">
        <ToolTip>Blue-Green-Red 14-bit unpacked</ToolTip>
        <Description>Blue-Green-Red 14-bit unpacked</Description>
        <DisplayName>BGR14</DisplayName>
        <Value>0x0230004A</Value>
      </EnumEntry>
      <EnumEntry Name="BGR16" NameSpace="Standard">
        <ToolTip>Blue-Green-Red 16-bit</ToolTip>
        <Description>Blue-Green-Red 16-bit</Description>
        <DisplayName>BGR16</DisplayName>
        <Value>0x0230004B</Value>
      </EnumEntry>
      <EnumEntry Name="BGR565p" NameSpace="Standard">
        <ToolTip>Blue-Green-Red 5/6/5-bit packed</ToolTip>
        <Description>Blue-Green-Red 5/6/5-bit packed</Description>
        <DisplayName>BGR565p</DisplayName>
        <Value>0x02100036</Value>
      </EnumEntry>
      <EnumEntry Name="R8" NameSpace="Standard">
        <ToolTip>Red 8-bit</ToolTip>
        <Description>Red 8-bit</Description>
        <DisplayName>R8</DisplayName>
        <Value>0x010800C9</Value>
      </EnumEntry>
      <EnumEntry Name="R10" NameSpace="Standard">
        <ToolTip>Red 10-bit</ToolTip>
        <Description>Red 10-bit</Description>
        <DisplayName>R10</DisplayName>
        <Value>0x010A00CA</Value>
      </EnumEntry>
      <EnumEntry Name="R12" NameSpace="Standard">
        <ToolTip>Red 12-bit</ToolTip>
        <Description>Red 12-bit</Description>
        <DisplayName>R12</DisplayName>
        <Value>0x010C00CB</Value>
      </EnumEntry>
      <EnumEntry Name="R16" NameSpace="Standard">
        <ToolTip>Red 16-bit</ToolTip>
        <Description>Red 16-bit</Description>
        <DisplayName>R16</DisplayName>
        <Value>0x011000CC</Value>
      </EnumEntry>
      <EnumEntry Name="G8" NameSpace="Standard">
        <ToolTip>Green 8-bit</ToolTip>
        <Description>Green 8-bit</Description>
        <DisplayName>G8</DisplayName>
        <Value>0x010800CD</Value>
      </EnumEntry>
      <EnumEntry Name="G10" NameSpace="Standard">
        <ToolTip>Green 10-bit</ToolTip>
        <Description>Green 10-bit</Description>
        <DisplayName>G10</DisplayName>
        <Value>0x010A00CE</Value>
      </EnumEntry>
      <EnumEntry Name="G12" NameSpace="Standard">
        <ToolTip>Green 12-bit</ToolTip>
        <Description>Green 12-bit</Description>
        <DisplayName>G12</DisplayName>
        <Value>0x010C00CF</Value>
      </EnumEntry>
      <EnumEntry Name="G16" NameSpace="Standard">
        <ToolTip>Green 16-bit</ToolTip>
        <Description>Green 16-bit</Description>
        <DisplayName>G16</DisplayName>
        <Value>0x011000D0</Value>
      </EnumEntry>
      <EnumEntry Name="B8" NameSpace="Standard">
        <ToolTip>Blue 8-bit</ToolTip>
        <Description>Blue 8-bit</Description>
        <DisplayName>B8</DisplayName>
        <Value>0x010800D1</Value>
      </EnumEntry>
      <EnumEntry Name="B10" NameSpace="Standard">
        <ToolTip>Blue 10-bit</ToolTip>
        <Description>Blue 10-bit</Description>
        <DisplayName>B10</DisplayName>
        <Value>0x010A00D2</Value>
      </EnumEntry>
      <EnumEntry Name="B12" NameSpace="Standard">
        <ToolTip>Blue 12-bit</ToolTip>
        <Description>Blue 12-bit</Description>
        <DisplayName>B12</DisplayName>
        <Value>0x010C00D3</Value>
      </EnumEntry>
      <EnumEntry Name="B16" NameSpace="Standard">
        <ToolTip>Blue 16-bit</ToolTip>
        <Description>Blue 16-bit</Description>
        <DisplayName>B16</DisplayName>
        <Value>0x011000D4</Value>
      </EnumEntry>
      <EnumEntry Name="Coord3D_ABC8" NameSpace="Standard">
        <ToolTip>3D coordinate A-B-C 8-bit</ToolTip>
        <Description>3D coordinate A-B-C 8-bit</Description>
        <DisplayName>Coord3D_ABC8</DisplayName>
        <Value>0x021800B2</Value>
      </EnumEntry>
      <EnumEntry Name="Coord3D_ABC8_Planar" NameSpace="Standard">
        <ToolTip>3D coordinate A-B-C 8-bit planar</ToolTip>
        <Description>3D coordinate A-B-C 8-bit planar</Description>
        <DisplayName>Coord3D_ABC8_Planar</DisplayName>
        <Value>0x021800B3</Value>
      </EnumEntry>
      <EnumEntry Name="Coord3D_ABC10p" NameSpace="Standard">
        <ToolTip>3D coordinate A-B-C 10-bit packed</ToolTip>
        <Description>3D coordinate A-B-C 10-bit packed</Description>
        <DisplayName>Coord3D_ABC10p</DisplayName>
        <Value>0x021E00DB</Value>
      </EnumEntry>
      <EnumEntry Name="Coord3D_ABC10p_Planar" NameSpace="Standard">
        <ToolTip>3D coordinate A-B-C 10-bit packed planar</ToolTip>
        <Description>3D coordinate A-B-C 10-bit packed planar</Description>
        <DisplayName>Coord3D_ABC10p_Planar</DisplayName>
        <Value>0x021E00DC</Value>
      </EnumEntry>
      <EnumEntry Name="Coord3D_ABC12p" NameSpace="Standard">
        <ToolTip>3D coordinate A-B-C 12-bit packed</ToolTip>
        <Description>3D coordinate A-B-C 12-bit packed</Description>
        <DisplayName>Coord3D_ABC12p</DisplayName>
        <Value>0x022400DE</Value>
      </EnumEntry>
      <EnumEntry Name="Coord3D_ABC12p_Planar" NameSpace="Standard">
        <ToolTip>3D coordinate A-B-C 12-bit packed planar</ToolTip>
        <Description>3D coordinate A-B-C 12-bit packed planar</Description>
        <DisplayName>Coord3D_ABC12p_Planar</DisplayName>
        <Value>0x022400DF</Value>
      </EnumEntry>
      <EnumEntry Name="Coord3D_ABC16" NameSpace="Standard">
        <ToolTip>3D coordinate A-B-C 16-bit</ToolTip>
        <Description>3D coordinate A-B-C 16-bit</Description>
        <DisplayName>Coord3D_ABC16</DisplayName>
        <Value>0x023000B9</Value>
      </EnumEntry>
      <EnumEntry Name="Coord3D_ABC16_Planar" NameSpace="Standard">
        <ToolTip>3D coordinate A-B-C 16-bit planar</ToolTip>
        <Description>3D coordinate A-B-C 16-bit planar</Description>
        <DisplayName>Coord3D_ABC16_Planar</DisplayName>
        <Value>0x023000BA</Value>
      </EnumEntry>
      <EnumEntry Name="Coord3D_ABC32f" NameSpace="Standard">
        <ToolTip>3D coordinate A-B-C 32-bit floating point</ToolTip>
        <Description>3D coordinate A-B-C 32-bit floating point</Description>
        <DisplayName>Coord3D_ABC32f</DisplayName>
        <Value>0x026000C0</Value>
      </EnumEntry>
      <EnumEntry Name="Coord3D_ABC32f_Planar" NameSpace="Standard">
        <ToolTip>3D coordinate A-B-C 32-bit floating point planar</ToolTip>
        <Description>3D coordinate A-B-C 32-bit floating point planar</Description>
        <DisplayName>Coord3D_ABC32f_Planar</DisplayName>
        <Value>0x026000C1</Value>
      </EnumEntry>
      <EnumEntry Name="Coord3D_AC8" NameSpace="Standard">
        <ToolTip>3D coordinate A-C 8-bit</ToolTip>
        <Description>3D coordinate A-C 8-bit</Description>
        <DisplayName>Coord3D_AC8</DisplayName>
        <Value>0x021000B4</Value>
      </EnumEntry>
      <EnumEntry Name="Coord3D_AC8_Planar" NameSpace="Standard">
        <ToolTip>3D coordinate A-C 8-bit planar</ToolTip>
        <Description>3D coordinate A-C 8-bit planar</Description>
        <DisplayName>Coord3D_AC8_Planar</DisplayName>
        <Value>0x021000B5</Value>
      </EnumEntry>
      <EnumEntry Name="Coord3D_AC10p" NameSpace="Standard">
        <ToolTip>3D coordinate A-C 10-bit packed</ToolTip>
        <Description>3D coordinate A-C 10-bit packed</Description>
        <DisplayName>Coord3D_AC10p</DisplayName>
        <Value>0x021400F0</Value>
      </EnumEntry>
      <EnumEntry Name="Coord3D_AC10p_Planar" NameSpace="Standard">
        <ToolTip>3D coordinate A-C 10-bit packed planar</ToolTip>
        <Description>3D coordinate A-C 10-bit packed planar</Description>
        <DisplayName>Coord3D_AC10p_Planar</DisplayName>
        <Value>0x021400F1</Value>
      </EnumEntry>
      <EnumEntry Name="Coord3D_AC12p" NameSpace="Standard">
        <ToolTip>3D coordinate A-C 12-bit packed</ToolTip>
        <Description>3D coordinate A-C 12-bit packed</Description>
        <DisplayName>Coord3D_AC12p</DisplayName>
        <Value>0x021800F2</Value>
      </EnumEntry>
      <EnumEntry Name="Coord3D_AC12p_Planar" NameSpace="Standard">
        <ToolTip>3D coordinate A-C 12-bit packed planar</ToolTip>
        <Description>3D coordinate A-C 12-bit packed planar</Description>
        <DisplayName>Coord3D_AC12p_Planar</DisplayName>
        <Value>0x021800F3</Value>
      </EnumEntry>
      <EnumEntry Name="Coord3D_AC16" NameSpace="Standard">
        <ToolTip>3D coordinate A-C 16-bit</ToolTip>
        <Description>3D coordinate A-C 16-bit</Description>
        <DisplayName>Coord3D_AC16</DisplayName>
        <Value>0x022000BB</Value>
      </EnumEntry>
      <EnumEntry Name="Coord3D_AC16_Planar" NameSpace="Standard">
        <ToolTip>3D coordinate A-C 16-bit planar</ToolTip>
        <Description>3D coordinate A-C 16-bit planar</Description>
        <DisplayName>Coord3D_AC16_Planar</DisplayName>
        <Value>0x022000BC</Value>
      </EnumEntry>
      <EnumEntry Name="Coord3D_AC32f" NameSpace="Standard">
        <ToolTip>3D coordinate A-C 32-bit floating point</ToolTip>
        <Description>3D coordinate A-C 32-bit floating point</Description>
        <DisplayName>Coord3D_AC32f</DisplayName>
        <Value>0x024000C2</Value>
      </EnumEntry>
      <EnumEntry Name="Coord3D_AC32f_Planar" NameSpace="Standard">
        <ToolTip>3D coordinate A-C 32-bit floating point planar</ToolTip>
        <Description>3D coordinate A-C 32-bit floating point planar</Description>
        <DisplayName>Coord3D_AC32f_Planar</DisplayName>
        <Value>0x024000C3</Value>
      </EnumEntry>
      <EnumEntry Name="Coord3D_A8" NameSpace="Standard">
        <ToolTip>3D coordinate A 8-bit</ToolTip>
        <Description>3D coordinate A 8-bit</Description>
        <DisplayName>Coord3D_A8</DisplayName>
        <Value>0x010800AF</Value>
      </EnumEntry>
      <EnumEntry Name="Coord3D_A10p" NameSpace="Standard">
        <ToolTip>3D coordinate A 10-bit packed</ToolTip>
        <Description>3D coordinate A 10-bit packed</Description>
        <DisplayName>Coord3D_A10p</DisplayName>
        <Value>0x010A00D5</Value>
      </EnumEntry>
      <EnumEntry Name="Coord3D_A12p" NameSpace="Standard">
        <ToolTip>3D coordinate A 12-bit packed</ToolTip>
        <Description>3D coordinate A 12-bit packed</Description>
        <DisplayName>Coord3D_A12p</DisplayName>
        <Value>0x010C00D8</Value>
      </EnumEntry>
      <EnumEntry Name="Coord3D_A16" NameSpace="Standard">
        <ToolTip>3D coordinate A 16-bit</ToolTip>
        <Description>3D coordinate A 16-bit</Description>
        <DisplayName>Coord3D_A16</DisplayName>
        <Value>0x011000B6</Value>
      </EnumEntry>
      <EnumEntry Name="Coord3D_A32f" NameSpace="Standard">
        <ToolTip>3D coordinate A 32-bit floating point</ToolTip>
        <Description>3D coordinate A 32-bit floating point</Description>
        <DisplayName>Coord3D_A32f</DisplayName>
        <Value>0x012000BD</Value>
      </EnumEntry>
      <EnumEntry Name="Coord3D_B8" NameSpace="Standard">
        <ToolTip>3D coordinate B 8-bit</ToolTip>
        <Description>3D coordinate B 8-bit</Description>
        <DisplayName>Coord3D_B8</DisplayName>
        <Value>0x010800B0</Value>
      </EnumEntry>
      <EnumEntry Name="Coord3D_B10p" NameSpace="Standard">
        <ToolTip>3D coordinate B 10-bit packed</ToolTip>
        <Description>3D coordinate B 10-bit packed</Description>
        <DisplayName>Coord3D_B10p</DisplayName>
        <Value>0x010A00D6</Value>
      </EnumEntry>
      <EnumEntry Name="Coord3D_B12p" NameSpace="Standard">
        <ToolTip>3D coordinate B 12-bit packed</ToolTip>
        <Description>3D coordinate B 12-bit packed</Description>
        <DisplayName>Coord3D_B12p</DisplayName>
        <Value>0x010C00D9</Value>
      </EnumEntry>
      <EnumEntry Name="Coord3D_B16" NameSpace="Standard">
        <ToolTip>3D coordinate B 16-bit</ToolTip>
        <Description>3D coordinate B 16-bit</Description>
        <DisplayName>Coord3D_B16</DisplayName>
        <Value>0x011000B7</Value>
      </EnumEntry>
      <EnumEntry Name="Coord3D_B32f" NameSpace="Standard">
        <ToolTip>3D coordinate B 32-bit floating point</ToolTip>
        <Description>3D coordinate B 32-bit floating point</Description>
        <DisplayName>Coord3D_B32f</DisplayName>
        <Value>0x012000BE</Value>
      </EnumEntry>
      <EnumEntry Name="Coord3D_C8" NameSpace="Standard">
        <ToolTip>3D coordinate C 8-bit</ToolTip>
        <Description>3D coordinate C 8-bit</Description>
        <DisplayName>Coord3D_C8</DisplayName>
        <Value>0x010800B1</Value>
      </EnumEntry>
      <EnumEntry Name="Coord3D_C10p" NameSpace="Standard">
        <ToolTip>3D coordinate C 10-bit packed</ToolTip>
        <Description>3D coordinate C 10-bit packed</Description>
        <DisplayName>Coord3D_C10p</DisplayName>
        <Value>0x010A00D7</Value>
      </EnumEntry>
      <EnumEntry Name="Coord3D_C12p" NameSpace="Standard">
        <ToolTip>3D coordinate C 12-bit packed</ToolTip>
        <Description>3D coordinate C 12-bit packed</Description>
        <DisplayName>Coord3D_C12p</DisplayName>
        <Value>0x010C00DA</Value>
      </EnumEntry>
      <EnumEntry Name="Coord3D_C16" NameSpace="Standard">
        <ToolTip>3D coordinate C 16-bit</ToolTip>
        <Description>3D coordinate C 16-bit</Description>
        <DisplayName>Coord3D_C16</DisplayName>
        <Value>0x011000B8</Value>
      </EnumEntry>
      <EnumEntry Name="Coord3D_C32f" NameSpace="Standard">
        <ToolTip>3D coordinate C 32-bit floating point</ToolTip>
        <Description>3D coordinate C 32-bit floating point</Description>
        <DisplayName>Coord3D_C32f</DisplayName>
        <Value>0x012000BF</Value>
      </EnumEntry>
      <EnumEntry Name="Confidence1" NameSpace="Standard">
        <ToolTip>Confidence 1-bit unpacked</ToolTip>
        <Description>Confidence 1-bit unpacked</Description>
        <DisplayName>Confidence1</DisplayName>
        <Value>0x010800C4</Value>
      </EnumEntry>
      <EnumEntry Name="Confidence1p" NameSpace="Standard">
        <ToolTip>Confidence 1-bit packed</ToolTip>
        <Description>Confidence 1-bit packed</Description>
        <DisplayName>Confidence1p</DisplayName>
        <Value>0x010100C5</Value>
      </EnumEntry>
      <EnumEntry Name="Confidence8" NameSpace="Standard">
        <ToolTip>Confidence 8-bit</ToolTip>
        <Description>Confidence 8-bit</Description>
        <DisplayName>Confidence8</DisplayName>
        <Value>0x010800C6</Value>
      </EnumEntry>
      <EnumEntry Name="Confidence16" NameSpace="Standard">
        <ToolTip>Confidence 16-bit</ToolTip>
        <Description>Confidence 16-bit</Description>
        <DisplayName>Confidence16</DisplayName>
        <Value>0x011000C7</Value>
      </EnumEntry>
      <EnumEntry Name="Confidence32f" NameSpace="Standard">
        <ToolTip>Confidence 32-bit floating point</ToolTip>
        <Description>Confidence 32-bit floating point</Description>
        <DisplayName>Confidence32f</DisplayName>
        <Value>0x012000C8</Value>
      </EnumEntry>
      <EnumEntry Name="BiColorBGRG8" NameSpace="Standard">
        <ToolTip>Bi-color Blue/Green - Red/Green 8-bit</ToolTip>
        <Description>Bi-color Blue/Green - Red/Green 8-bit</Description>
        <DisplayName>BiColorBGRG8</DisplayName>
        <Value>0x021000A6</Value>
      </EnumEntry>
      <EnumEntry Name="BiColorBGRG10" NameSpace="Standard">
        <ToolTip>Bi-color Blue/Green - Red/Green 10-bit unpacked</ToolTip>
        <Description>Bi-color Blue/Green - Red/Green 10-bit unpacked</Description>
        <DisplayName>BiColorBGRG10</DisplayName>
        <Value>0x022000A9</Value>
      </EnumEntry>
      <EnumEntry Name="BiColorBGRG10p" NameSpace="Standard">
        <ToolTip>Bi-color Blue/Green - Red/Green 10-bit packed</ToolTip>
        <Description>Bi-color Blue/Green - Red/Green 10-bit packed</Description>
        <DisplayName>BiColorBGRG10p</DisplayName>
        <Value>0x021400AA</Value>
      </EnumEntry>
      <EnumEntry Name="BiColorBGRG12" NameSpace="Standard">
        <ToolTip>Bi-color Blue/Green - Red/Green 12-bit unpacked</ToolTip>
        <Description>Bi-color Blue/Green - Red/Green 12-bit unpacked</Description>
        <DisplayName>BiColorBGRG12</DisplayName>
        <Value>0x022000AD</Value>
      </EnumEntry>
      <EnumEntry Name="BiColorBGRG12p" NameSpace="Standard">
        <ToolTip>Bi-color Blue/Green - Red/Green 12-bit packed</ToolTip>
        <Description>Bi-color Blue/Green - Red/Green 12-bit packed</Description>
        <DisplayName>BiColorBGRG12p</DisplayName>
        <Value>0x021800AE</Value>
      </EnumEntry>
      <EnumEntry Name="BiColorRGBG8" NameSpace="Standard">
        <ToolTip>Bi-color Red/Green - Blue/Green 8-bit</ToolTip>
        <Description>Bi-color Red/Green - Blue/Green 8-bit</Description>
        <DisplayName>BiColorRGBG8</DisplayName>
        <Value>0x021000A5</Value>
      </EnumEntry>
      <EnumEntry Name="BiColorRGBG10" NameSpace="Standard">
        <ToolTip>Bi-color Red/Green - Blue/Green 10-bit unpacked</ToolTip>
        <Description>Bi-color Red/Green - Blue/Green 10-bit unpacked</Description>
        <DisplayName>BiColorRGBG10</DisplayName>
        <Value>0x022000A7</Value>
      </EnumEntry>
      <EnumEntry Name="BiColorRGBG10p" NameSpace="Standard">
        <ToolTip>Bi-color Red/Green - Blue/Green 10-bit packed</ToolTip>
        <Description>Bi-color Red/Green - Blue/Green 10-bit packed</Description>
        <DisplayName>BiColorRGBG10p</DisplayName>
        <Value>0x021400A8</Value>
      </EnumEntry>
      <EnumEntry Name="BiColorRGBG12" NameSpace="Standard">
        <ToolTip>Bi-color Red/Green - Blue/Green 12-bit unpacked</ToolTip>
        <Description>Bi-color Red/Green - Blue/Green 12-bit unpacked</Description>
        <DisplayName>BiColorRGBG12</DisplayName>
        <Value>0x022000AB</Value>
      </EnumEntry>
      <EnumEntry Name="BiColorRGBG12p" NameSpace="Standard">
        <ToolTip>Bi-color Red/Green - Blue/Green 12-bit packed</ToolTip>
        <Description>Bi-color Red/Green - Blue/Green 12-bit packed</Description>
        <DisplayName>BiColorRGBG12p</DisplayName>
        <Value>0x021800AC</Value>
      </EnumEntry>
      <EnumEntry Name="SCF1WBWG8" NameSpace="Standard">
        <ToolTip>Sparse Color Filter #1 White-Blue-White-Green 8-bit</ToolTip>
        <Description>Sparse Color Filter #1 White-Blue-White-Green 8-bit</Description>
        <DisplayName>SCF1WBWG8</DisplayName>
        <Value>0x01080067</Value>
      </EnumEntry>
      <EnumEntry Name="SCF1WBWG10" NameSpace="Standard">
        <ToolTip>Sparse Color Filter #1 White-Blue-White-Green 10-bit unpacked</ToolTip>
        <Description>Sparse Color Filter #1 White-Blue-White-Green 10-bit unpacked</Description>
        <DisplayName>SCF1WBWG10</DisplayName>
        <Value>0x01100068</Value>
      </EnumEntry>
      <EnumEntry Name="SCF1WBWG10p" NameSpace="Standard">
        <ToolTip>Sparse Color Filter #1 White-Blue-White-Green 10-bit packed</ToolTip>
        <Description>Sparse Color Filter #1 White-Blue-White-Green 10-bit packed</Description>
        <DisplayName>SCF1WBWG10p</DisplayName>
        <Value>0x010A0069</Value>
      </EnumEntry>
      <EnumEntry Name="SCF1WBWG12" NameSpace="Standard">
        <ToolTip>Sparse Color Filter #1 White-Blue-White-Green 12-bit unpacked</ToolTip>
        <Description>Sparse Color Filter #1 White-Blue-White-Green 12-bit unpacked</Description>
        <DisplayName>SCF1WBWG12</DisplayName>
        <Value>0x0110006A</Value>
      </EnumEntry>
      <EnumEntry Name="SCF1WBWG12p" NameSpace="Standard">
        <ToolTip>Sparse Color Filter #1 White-Blue-White-Green 12-bit packed</ToolTip>
        <Description>Sparse Color Filter #1 White-Blue-White-Green 12-bit packed</Description>
        <DisplayName>SCF1WBWG12p</DisplayName>
        <Value>0x010C006B</Value>
      </EnumEntry>
      <EnumEntry Name="SCF1WBWG14" NameSpace="Standard">
        <ToolTip>Sparse Color Filter #1 White-Blue-White-Green 14-bit unpacked</ToolTip>
        <Description>Sparse Color Filter #1 White-Blue-White-Green 14-bit unpacked</Description>
        <DisplayName>SCF1WBWG14</DisplayName>
        <Value>0x0110006C</Value>
      </EnumEntry>
      <EnumEntry Name="SCF1WBWG16" NameSpace="Standard">
        <ToolTip>Sparse Color Filter #1 White-Blue-White-Green 16-bit unpacked</ToolTip>
        <Description>Sparse Color Filter #1 White-Blue-White-Green 16-bit unpacked</Description>
        <DisplayName>SCF1WBWG16</DisplayName>
        <Value>0x0110006D</Value>
      </EnumEntry>
      <EnumEntry Name="SCF1WGWB8" NameSpace="Standard">
        <ToolTip>Sparse Color Filter #1 White-Green-White-Blue 8-bit</ToolTip>
        <Description>Sparse Color Filter #1 White-Green-White-Blue 8-bit</Description>
        <DisplayName>SCF1WGWB8</DisplayName>
        <Value>0x0108006E</Value>
      </EnumEntry>
      <EnumEntry Name="SCF1WGWB10" NameSpace="Standard">
        <ToolTip>Sparse Color Filter #1 White-Green-White-Blue 10-bit unpacked</ToolTip>
        <Description>Sparse Color Filter #1 White-Green-White-Blue 10-bit unpacked</Description>
        <DisplayName>SCF1WGWB10</DisplayName>
        <Value>0x0110006F</Value>
      </EnumEntry>
      <EnumEntry Name="SCF1WGWB10p" NameSpace="Standard">
        <ToolTip>Sparse Color Filter #1 White-Green-White-Blue 10-bit packed</ToolTip>
        <Description>Sparse Color Filter #1 White-Green-White-Blue 10-bit packed</Description>
        <DisplayName>SCF1WGWB10p</DisplayName>
        <Value>0x010A0070</Value>
      </EnumEntry>
      <EnumEntry Name="SCF1WGWB12" NameSpace="Standard">
        <ToolTip>Sparse Color Filter #1 White-Green-White-Blue 12-bit unpacked</ToolTip>
        <Description>Sparse Color Filter #1 White-Green-White-Blue 12-bit unpacked</Description>
        <DisplayName>SCF1WGWB12</DisplayName>
        <Value>0x01100071</Value>
      </EnumEntry>
      <EnumEntry Name="SCF1WGWB12p" NameSpace="Standard">
        <ToolTip>Sparse Color Filter #1 White-Green-White-Blue 12-bit packed</ToolTip>
        <Description>Sparse Color Filter #1 White-Green-White-Blue 12-bit packed</Description>
        <DisplayName>SCF1WGWB12p</DisplayName>
        <Value>0x010C0072</Value>
      </EnumEntry>
      <EnumEntry Name="SCF1WGWB14" NameSpace="Standard">
        <ToolTip>Sparse Color Filter #1 White-Green-White-Blue 14-bit unpacked</ToolTip>
        <Description>Sparse Color Filter #1 White-Green-White-Blue 14-bit unpacked</Description>
        <DisplayName>SCF1WGWB14</DisplayName>
        <Value>0x01100073</Value>
      </EnumEntry>
      <EnumEntry Name="SCF1WGWB16" NameSpace="Standard">
        <ToolTip>Sparse Color Filter #1 White-Green-White-Blue 16-bit</ToolTip>
        <Description>Sparse Color Filter #1 White-Green-White-Blue 16-bit</Description>
        <DisplayName>SCF1WGWB16</DisplayName>
        <Value>0x01100074</Value>
      </EnumEntry>
      <EnumEntry Name="SCF1WGWR8" NameSpace="Standard">
        <ToolTip>Sparse Color Filter #1 White-Green-White-Red 8-bit</ToolTip>
        <Description>Sparse Color Filter #1 White-Green-White-Red 8-bit</Description>
        <DisplayName>SCF1WGWR8</DisplayName>
        <Value>0x01080075</Value>
      </EnumEntry>
      <EnumEntry Name="SCF1WGWR10" NameSpace="Standard">
        <ToolTip>Sparse Color Filter #1 White-Green-White-Red 10-bit unpacked</ToolTip>
        <Description>Sparse Color Filter #1 White-Green-White-Red 10-bit unpacked</Description>
        <DisplayName>SCF1WGWR10</DisplayName>
        <Value>0x01100076</Value>
      </EnumEntry>
      <EnumEntry Name="SCF1WGWR10p" NameSpace="Standard">
        <ToolTip>Sparse Color Filter #1 White-Green-White-Red 10-bit packed</ToolTip>
        <Description>Sparse Color Filter #1 White-Green-White-Red 10-bit packed</Description>
        <DisplayName>SCF1WGWR10p</DisplayName>
        <Value>0x010A0077</Value>
      </EnumEntry>
      <EnumEntry Name="SCF1WGWR12" NameSpace="Standard">
        <ToolTip>Sparse Color Filter #1 White-Green-White-Red 12-bit unpacked</ToolTip>
        <Description>Sparse Color Filter #1 White-Green-White-Red 12-bit unpacked</Description>
        <DisplayName>SCF1WGWR12</DisplayName>
        <Value>0x01100078</Value>
      </EnumEntry>
      <EnumEntry Name="SCF1WGWR12p" NameSpace="Standard">
        <ToolTip>Sparse Color Filter #1 White-Green-White-Red 12-bit packed</ToolTip>
        <Description>Sparse Color Filter #1 White-Green-White-Red 12-bit packed</Description>
        <DisplayName>SCF1WGWR12p</DisplayName>
        <Value>0x010C0079</Value>
      </EnumEntry>
      <EnumEntry Name="SCF1WGWR14" NameSpace="Standard">
        <ToolTip>Sparse Color Filter #1 White-Green-White-Red 14-bit unpacked</ToolTip>
        <Description>Sparse Color Filter #1 White-Green-White-Red 14-bit unpacked</Description>
        <DisplayName>SCF1WGWR14</DisplayName>
        <Value>0x0110007A</Value>
      </EnumEntry>
      <EnumEntry Name="SCF1WGWR16" NameSpace="Standard">
        <ToolTip>Sparse Color Filter #1 White-Green-White-Red 16-bit</ToolTip>
        <Description>Sparse Color Filter #1 White-Green-White-Red 16-bit</Description>
        <DisplayName>SCF1WGWR16</DisplayName>
        <Value>0x0110007B</Value>
      </EnumEntry>
      <EnumEntry Name="SCF1WRWG8" NameSpace="Standard">
        <ToolTip>Sparse Color Filter #1 White-Red-White-Green 8-bit</ToolTip>
        <Description>Sparse Color Filter #1 White-Red-White-Green 8-bit</Description>
        <DisplayName>SCF1WRWG8</DisplayName>
        <Value>0x0108007C</Value>
      </EnumEntry>
      <EnumEntry Name="SCF1WRWG10" NameSpace="Standard">
        <ToolTip>Sparse Color Filter #1 White-Red-White-Green 10-bit unpacked</ToolTip>
        <Description>Sparse Color Filter #1 White-Red-White-Green 10-bit unpacked</Description>
        <DisplayName>SCF1WRWG10</DisplayName>
        <Value>0x0110007D</Value>
      </EnumEntry>
      <EnumEntry Name="SCF1WRWG10p" NameSpace="Standard">
        <ToolTip>Sparse Color Filter #1 White-Red-White-Green 10-bit packed</ToolTip>
        <Description>Sparse Color Filter #1 White-Red-White-Green 10-bit packed</Description>
        <DisplayName>SCF1WRWG10p</DisplayName>
        <Value>0x010A007E</Value>
      </EnumEntry>
      <EnumEntry Name="SCF1WRWG12" NameSpace="Standard">
        <ToolTip>Sparse Color Filter #1 White-Red-White-Green 12-bit unpacked</ToolTip>
        <Description>Sparse Color Filter #1 White-Red-White-Green 12-bit unpacked</Description>
        <DisplayName>SCF1WRWG12</DisplayName>
        <Value>0x0110007F</Value>
      </EnumEntry>
      <EnumEntry Name="SCF1WRWG12p" NameSpace="Standard">
        <ToolTip>Sparse Color Filter #1 White-Red-White-Green 12-bit packed</ToolTip>
        <Description>Sparse Color Filter #1 White-Red-White-Green 12-bit packed</Description>
        <DisplayName>SCF1WRWG12p</DisplayName>
        <Value>0x010C0080</Value>
      </EnumEntry>
      <EnumEntry Name="SCF1WRWG14" NameSpace="Standard">
        <ToolTip>Sparse Color Filter #1 White-Red-White-Green 14-bit unpacked</ToolTip>
        <Description>Sparse Color Filter #1 White-Red-White-Green 14-bit unpacked</Description>
        <DisplayName>SCF1WRWG14</DisplayName>
        <Value>0x01100081</Value>
      </EnumEntry>
      <EnumEntry Name="SCF1WRWG16" NameSpace="Standard">
        <ToolTip>Sparse Color Filter #1 White-Red-White-Green 16-bit</ToolTip>
        <Description>Sparse Color Filter #1 White-Red-White-Green 16-bit</Description>
        <DisplayName>SCF1WRWG16</DisplayName>
        <Value>0x01100082</Value>
      </EnumEntry>
      <EnumEntry Name="YCbCr8" NameSpace="Standard">
        <ToolTip>YCbCr 4:4:4 8-bit</ToolTip>
        <Description>YCbCr 4:4:4 8-bit</Description>
        <DisplayName>YCbCr8</DisplayName>
        <Value>0x0218005B</Value>
      </EnumEntry>
      <EnumEntry Name="YCbCr8_CbYCr" NameSpace="Standard">
        <ToolTip>YCbCr 4:4:4 8-bit</ToolTip>
        <Description>YCbCr 4:4:4 8-bit</Description>
        <DisplayName>YCbCr8_CbYCr</DisplayName>
        <Value>0x0218003A</Value>
      </EnumEntry>
      <EnumEntry Name="YCbCr10_CbYCr" NameSpace="Standard">
        <ToolTip>YCbCr 4:4:4 10-bit unpacked</ToolTip>
        <Description>YCbCr 4:4:4 10-bit unpacked</Description>
        <DisplayName>YCbCr10_CbYCr</DisplayName>
        <Value>0x02300083</Value>
      </EnumEntry>
      <EnumEntry Name="YCbCr10p_CbYCr" NameSpace="Standard">
        <ToolTip>YCbCr 4:4:4 10-bit packed</ToolTip>
        <Description>YCbCr 4:4:4 10-bit packed</Description>
        <DisplayName>YCbCr10p_CbYCr</DisplayName>
        <Value>0x021E0084</Value>
      </EnumEntry>
      <EnumEntry Name="YCbCr12_CbYCr" NameSpace="Standard">
        <ToolTip>YCbCr 4:4:4 12-bit unpacked</ToolTip>
        <Description>YCbCr 4:4:4 12-bit unpacked</Description>
        <DisplayName>YCbCr12_CbYCr</DisplayName>
        <Value>0x02300085</Value>
      </EnumEntry>
      <EnumEntry Name="YCbCr12p_CbYCr" NameSpace="Standard">
        <ToolTip>YCbCr 4:4:4 12-bit packed</ToolTip>
        <Description>YCbCr 4:4:4 12-bit packed</Description>
        <DisplayName>YCbCr12p_CbYCr</DisplayName>
        <Value>0x02240086</Value>
      </EnumEntry>
      <EnumEntry Name="YCbCr411_8" NameSpace="Standard">
        <ToolTip>YCbCr 4:1:1 8-bit</ToolTip>
        <Description>YCbCr 4:1:1 8-bit</Description>
        <DisplayName>YCbCr411_8</DisplayName>
        <Value>0x020C005A</Value>
      </EnumEntry>
      <EnumEntry Name="YCbCr411_8_CbYYCrYY" NameSpace="Standard">
        <ToolTip>YCbCr 4:1:1 8-bit</ToolTip>
        <Description>YCbCr 4:1:1 8-bit</Description>
        <DisplayName>YCbCr411_8_CbYYCrYY</DisplayName>
        <Value>0x020C003C</Value>
      </EnumEntry>
      <EnumEntry Name="YCbCr422_8" NameSpace="Standard">
        <ToolTip>YCbCr 4:2:2 8-bit</ToolTip>
        <Description>YCbCr 4:2:2 8-bit</Description>
        <DisplayName>YCbCr422_8</DisplayName>
        <Value>0x0210003B</Value>
      </EnumEntry>
      <EnumEntry Name="YCbCr422_8_CbYCrY" NameSpace="Standard">
        <ToolTip>YCbCr 4:2:2 8-bit</ToolTip>
        <Description>YCbCr 4:2:2 8-bit</Description>
        <DisplayName>YCbCr422_8_CbYCrY</DisplayName>
        <Value>0x02100043</Value>
      </EnumEntry>
      <EnumEntry Name="YCbCr422_10" NameSpace="Standard">
        <ToolTip>YCbCr 4:2:2 10-bit unpacked</ToolTip>
        <Description>YCbCr 4:2:2 10-bit unpacked</Description>
        <DisplayName>YCbCr422_10</DisplayName>
        <Value>0x02200065</Value>
      </EnumEntry>
      <EnumEntry Name="YCbCr422_10_CbYCrY" NameSpace="Standard">
        <ToolTip>YCbCr 4:2:2 10-bit unpacked</ToolTip>
        <Description>YCbCr 4:2:2 10-bit unpacked</Description>
        <DisplayName>YCbCr422_10_CbYCrY</DisplayName>
        <Value>0x02200099</Value>
      </EnumEntry>
      <EnumEntry Name="YCbCr422_10p" NameSpace="Standard">
        <ToolTip>YCbCr 4:2:2 10-bit packed</ToolTip>
        <Description>YCbCr 4:2:2 10-bit packed</Description>
        <DisplayName>YCbCr422_10p</DisplayName>
        <Value>0x02140087</Value>
      </EnumEntry>
      <EnumEntry Name="YCbCr422_10p_CbYCrY" NameSpace="Standard">
        <ToolTip>YCbCr 4:2:2 10-bit packed</ToolTip>
        <Description>YCbCr 4:2:2 10-bit packed</Description>
        <DisplayName>YCbCr422_10p_CbYCrY</DisplayName>
        <Value>0x0214009A</Value>
      </EnumEntry>
      <EnumEntry Name="YCbCr422_12" NameSpace="Standard">
        <ToolTip>YCbCr 4:2:2 12-bit unpacked</ToolTip>
        <Description>YCbCr 4:2:2 12-bit unpacked</Description>
        <DisplayName>YCbCr422_12</DisplayName>
        <Value>0x02200066</Value>
      </EnumEntry>
      <EnumEntry Name="YCbCr422_12_CbYCrY" NameSpace="Standard">
        <ToolTip>YCbCr 4:2:2 12-bit unpacked</ToolTip>
        <Description>YCbCr 4:2:2 12-bit unpacked</Description>
        <DisplayName>YCbCr422_12_CbYCrY</DisplayName>
        <Value>0x0220009B</Value>
      </EnumEntry>
      <EnumEntry Name="YCbCr422_12p" NameSpace="Standard">
        <ToolTip>YCbCr 4:2:2 12-bit packed</ToolTip>
        <Description>YCbCr 4:2:2 12-bit packed</Description>
        <DisplayName>YCbCr422_12p</DisplayName>
        <Value>0x02180088</Value>
      </EnumEntry>
      <EnumEntry Name="YCbCr422_12p_CbYCrY" NameSpace="Standard">
        <ToolTip>YCbCr 4:2:2 12-bit packed</ToolTip>
        <Description>YCbCr 4:2:2 12-bit packed</Description>
        <DisplayName>YCbCr422_12p_CbYCrY</DisplayName>
        <Value>0x0218009C</Value>
      </EnumEntry>
      <EnumEntry Name="YCbCr601_8_CbYCr" NameSpace="Standard">
        <ToolTip>YCbCr 4:4:4 8-bit BT.601</ToolTip>
        <Description>YCbCr 4:4:4 8-bit BT.601</Description>
        <DisplayName>YCbCr601_8_CbYCr</DisplayName>
        <Value>0x0218003D</Value>
      </EnumEntry>
      <EnumEntry Name="YCbCr601_10_CbYCr" NameSpace="Standard">
        <ToolTip>YCbCr 4:4:4 10-bit unpacked BT.601</ToolTip>
        <Description>YCbCr 4:4:4 10-bit unpacked BT.601</Description>
        <DisplayName>YCbCr601_10_CbYCr</DisplayName>
        <Value>0x02300089</Value>
      </EnumEntry>
      <EnumEntry Name="YCbCr601_10p_CbYCr" NameSpace="Standard">
        <ToolTip>YCbCr 4:4:4 10-bit packed BT.601</ToolTip>
        <Description>YCbCr 4:4:4 10-bit packed BT.601</Description>
        <DisplayName>YCbCr601_10p_CbYCr</DisplayName>
        <Value>0x021E008A</Value>
      </EnumEntry>
      <EnumEntry Name="YCbCr601_12_CbYCr" NameSpace="Standard">
        <ToolTip>YCbCr 4:4:4 12-bit unpacked BT.601</ToolTip>
        <Description>YCbCr 4:4:4 12-bit unpacked BT.601</Description>
        <DisplayName>YCbCr601_12_CbYCr</DisplayName>
        <Value>0x0230008B</Value>
      </EnumEntry>
      <EnumEntry Name="YCbCr601_12p_CbYCr" NameSpace="Standard">
        <ToolTip>YCbCr 4:4:4 12-bit packed BT.601</ToolTip>
        <Description>YCbCr 4:4:4 12-bit packed BT.601</Description>
        <DisplayName>YCbCr601_12p_CbYCr</DisplayName>
        <Value>0x0224008C</Value>
      </EnumEntry>
      <EnumEntry Name="YCbCr601_411_8_CbYYCrYY" NameSpace="Standard">
        <ToolTip>YCbCr 4:1:1 8-bit BT.601</ToolTip>
        <Description>YCbCr 4:1:1 8-bit BT.601</Description>
        <DisplayName>YCbCr601_411_8_CbYYCrYY</DisplayName>
        <Value>0x020C003F</Value>
      </EnumEntry>
      <EnumEntry Name="YCbCr601_422_8" NameSpace="Standard">
        <ToolTip>YCbCr 4:2:2 8-bit BT.601</ToolTip>
        <Description>YCbCr 4:2:2 8-bit BT.601</Description>
        <DisplayName>YCbCr601_422_8</DisplayName>
        <Value>0x0210003E</Value>
      </EnumEntry>
      <EnumEntry Name="YCbCr601_422_8_CbYCrY" NameSpace="Standard">
        <ToolTip>YCbCr 4:2:2 8-bit BT.601</ToolTip>
        <Description>YCbCr 4:2:2 8-bit BT.601</Description>
        <DisplayName>YCbCr601_422_8_CbYCrY</DisplayName>
        <Value>0x02100044</Value>
      </EnumEntry>
      <EnumEntry Name="YCbCr601_422_10" NameSpace="Standard">
        <ToolTip>YCbCr 4:2:2 10-bit unpacked BT.601</ToolTip>
        <Description>YCbCr 4:2:2 10-bit unpacked BT.601</Description>
        <DisplayName>YCbCr601_422_10</DisplayName>
        <Value>0x0220008D</Value>
      </EnumEntry>
      <EnumEntry Name="YCbCr601_422_10_CbYCrY" NameSpace="Standard">
        <ToolTip>YCbCr 4:2:2 10-bit unpacked BT.601</ToolTip>
        <Description>YCbCr 4:2:2 10-bit unpacked BT.601</Description>
        <DisplayName>YCbCr601_422_10_CbYCrY</DisplayName>
        <Value>0x0220009D</Value>
      </EnumEntry>
      <EnumEntry Name="YCbCr601_422_10p" NameSpace="Standard">
        <ToolTip>YCbCr 4:2:2 10-bit packed BT.601</ToolTip>
        <Description>YCbCr 4:2:2 10-bit packed BT.601</Description>
        <DisplayName>YCbCr601_422_10p</DisplayName>
        <Value>0x0214008E</Value>
      </EnumEntry>
      <EnumEntry Name="YCbCr601_422_10p_CbYCrY" NameSpace="Standard">
        <ToolTip>YCbCr 4:2:2 10-bit packed BT.601</ToolTip>
        <Description>YCbCr 4:2:2 10-bit packed BT.601</Description>
        <DisplayName>YCbCr601_422_10p_CbYCrY</DisplayName>
        <Value>0x0214009E</Value>
      </EnumEntry>
      <EnumEntry Name="YCbCr601_422_12" NameSpace="Standard">
        <ToolTip>YCbCr 4:2:2 12-bit unpacked BT.601</ToolTip>
        <Description>YCbCr 4:2:2 12-bit unpacked BT.601</Description>
        <DisplayName>YCbCr601_422_12</DisplayName>
        <Value>0x0220008F</Value>
      </EnumEntry>
      <EnumEntry Name="YCbCr601_422_12_CbYCrY" NameSpace="Standard">
        <ToolTip>YCbCr 4:2:2 12-bit unpacked BT.601</ToolTip>
        <Description>YCbCr 4:2:2 12-bit unpacked BT.601</Description>
        <DisplayName>YCbCr601_422_12_CbYCrY</DisplayName>
        <Value>0x0220009F</Value>
      </EnumEntry>
      <EnumEntry Name="YCbCr601_422_12p" NameSpace="Standard">
        <ToolTip>YCbCr 4:2:2 12-bit packed BT.601</ToolTip>
        <Description>YCbCr 4:2:2 12-bit packed BT.601</Description>
        <DisplayName>YCbCr601_422_12p</DisplayName>
        <Value>0x02180090</Value>
      </EnumEntry>
      <EnumEntry Name="YCbCr601_422_12p_CbYCrY" NameSpace="Standard">
        <ToolTip>YCbCr 4:2:2 12-bit packed BT.601</ToolTip>
        <Description>YCbCr 4:2:2 12-bit packed BT.601</Description>
        <DisplayName>YCbCr601_422_12p_CbYCrY</DisplayName>
        <Value>0x021800A0</Value>
      </EnumEntry>
      <EnumEntry Name="YCbCr709_8_CbYCr" NameSpace="Standard">
        <ToolTip>YCbCr 4:4:4 8-bit BT.709</ToolTip>
        <Description>YCbCr 4:4:4 8-bit BT.709</Description>
        <DisplayName>YCbCr709_8_CbYCr</DisplayName>
        <Value>0x02180040</Value>
      </EnumEntry>
      <EnumEntry Name="YCbCr709_10_CbYCr" NameSpace="Standard">
        <ToolTip>YCbCr 4:4:4 10-bit unpacked BT.709</ToolTip>
        <Description>YCbCr 4:4:4 10-bit unpacked BT.709</Description>
        <DisplayName>YCbCr709_10_CbYCr</DisplayName>
        <Value>0x02300091</Value>
      </EnumEntry>
      <EnumEntry Name="YCbCr709_10p_CbYCr" NameSpace="Standard">
        <ToolTip>YCbCr 4:4:4 10-bit packed BT.709</ToolTip>
        <Description>YCbCr 4:4:4 10-bit packed BT.709</Description>
        <DisplayName>YCbCr709_10p_CbYCr</DisplayName>
        <Value>0x021E0092</Value>
      </EnumEntry>
      <EnumEntry Name="YCbCr709_12_CbYCr" NameSpace="Standard">
        <ToolTip>YCbCr 4:4:4 12-bit unpacked BT.709</ToolTip>
        <Description>YCbCr 4:4:4 12-bit unpacked BT.709</Description>
        <DisplayName>YCbCr709_12_CbYCr</DisplayName>
        <Value>0x02300093</Value>
      </EnumEntry>
      <EnumEntry Name="YCbCr709_12p_CbYCr" NameSpace="Standard">
        <ToolTip>YCbCr 4:4:4 12-bit packed BT.709</ToolTip>
        <Description>YCbCr 4:4:4 12-bit packed BT.709</Description>
        <DisplayName>YCbCr709_12p_CbYCr</DisplayName>
        <Value>0x02240094</Value>
      </EnumEntry>
      <EnumEntry Name="YCbCr709_411_8_CbYYCrYY" NameSpace="Standard">
        <ToolTip>YCbCr 4:1:1 8-bit BT.709</ToolTip>
        <Description>YCbCr 4:1:1 8-bit BT.709</Description>
        <DisplayName>YCbCr709_411_8_CbYYCrYY</DisplayName>
        <Value>0x020C0042</Value>
      </EnumEntry>
      <EnumEntry Name="YCbCr709_422_8" NameSpace="Standard">
        <ToolTip>YCbCr 4:2:2 8-bit BT.709</ToolTip>
        <Description>YCbCr 4:2:2 8-bit BT.709</Description>
        <DisplayName>YCbCr709_422_8</DisplayName>
        <Value>0x02100041</Value>
      </EnumEntry>
      <EnumEntry Name="YCbCr709_422_8_CbYCrY" NameSpace="Standard">
        <ToolTip>YCbCr 4:2:2 8-bit BT.709</ToolTip>
        <Description>YCbCr 4:2:2 8-bit BT.709</Description>
        <DisplayName>YCbCr709_422_8_CbYCrY</DisplayName>
        <Value>0x02100045</Value>
      </EnumEntry>
      <EnumEntry Name="YCbCr709_422_10" NameSpace="Standard">
        <ToolTip>YCbCr 4:2:2 10-bit unpacked BT.709</ToolTip>
        <Description>YCbCr 4:2:2 10-bit unpacked BT.709</Description>
        <DisplayName>YCbCr709_422_10</DisplayName>
        <Value>0x02200095</Value>
      </EnumEntry>
      <EnumEntry Name="YCbCr709_422_10_CbYCrY" NameSpace="Standard">
        <ToolTip>YCbCr 4:2:2 10-bit unpacked BT.709</ToolTip>
        <Description>YCbCr 4:2:2 10-bit unpacked BT.709</Description>
        <DisplayName>YCbCr709_422_10_CbYCrY</DisplayName>
        <Value>0x022000A1</Value>
      </EnumEntry>
      <EnumEntry Name="YCbCr709_422_10p" NameSpace="Standard">
        <ToolTip>YCbCr 4:2:2 10-bit packed BT.709</ToolTip>
        <Description>YCbCr 4:2:2 10-bit packed BT.709</Description>
        <DisplayName>YCbCr709_422_10p</DisplayName>
        <Value>0x02140096</Value>
      </EnumEntry>
      <EnumEntry Name="YCbCr709_422_10p_CbYCrY" NameSpace="Standard">
        <ToolTip>YCbCr 4:2:2 10-bit packed BT.709</ToolTip>
        <Description>YCbCr 4:2:2 10-bit packed BT.709</Description>
        <DisplayName>YCbCr709_422_10p_CbYCrY</DisplayName>
        <Value>0x021400A2</Value>
      </EnumEntry>
      <EnumEntry Name="YCbCr709_422_12" NameSpace="Standard">
        <ToolTip>YCbCr 4:2:2 12-bit unpacked BT.709</ToolTip>
        <Description>YCbCr 4:2:2 12-bit unpacked BT.709</Description>
        <DisplayName>YCbCr709_422_12</DisplayName>
        <Value>0x02200097</Value>
      </EnumEntry>
      <EnumEntry Name="YCbCr709_422_12_CbYCrY" NameSpace="Standard">
        <ToolTip>YCbCr 4:2:2 12-bit unpacked BT.709</ToolTip>
        <Description>YCbCr 4:2:2 12-bit unpacked BT.709</Description>
        <DisplayName>YCbCr709_422_12_CbYCrY</DisplayName>
        <Value>0x022000A3</Value>
      </EnumEntry>
      <EnumEntry Name="YCbCr709_422_12p" NameSpace="Standard">
        <ToolTip>YCbCr 4:2:2 12-bit packed BT.709</ToolTip>
        <Description>YCbCr 4:2:2 12-bit packed BT.709</Description>
        <DisplayName>YCbCr709_422_12p</DisplayName>
        <Value>0x02180098</Value>
      </EnumEntry>
      <EnumEntry Name="YCbCr709_422_12p_CbYCrY" NameSpace="Standard">
        <ToolTip>YCbCr 4:2:2 12-bit packed BT.709</ToolTip>
        <Description>YCbCr 4:2:2 12-bit packed BT.709</Description>
        <DisplayName>YCbCr709_422_12p_CbYCrY</DisplayName>
        <Value>0x021800A4</Value>
      </EnumEntry>
      <EnumEntry Name="YUV8_UYV" NameSpace="Standard">
        <ToolTip>YUV 4:4:4 8-bit</ToolTip>
        <Description>YUV 4:4:4 8-bit</Description>
        <DisplayName>YUV8_UYV</DisplayName>
        <Value>0x02180020</Value>
      </EnumEntry>
      <EnumEntry Name="YUV411_8_UYYVYY" NameSpace="Standard">
        <ToolTip>YUV 4:1:1 8-bit</ToolTip>
        <Description>YUV 4:1:1 8-bit</Description>
        <DisplayName>YUV411_8_UYYVYY</DisplayName>
        <Value>0x020C001E</Value>
      </EnumEntry>
      <EnumEntry Name="YUV422_8" NameSpace="Standard">
        <ToolTip>YUV 4:2:2 8-bit</ToolTip>
        <Description>YUV 4:2:2 8-bit</Description>
        <DisplayName>YUV422_8</DisplayName>
        <Value>0x02100032</Value>
      </EnumEntry>
      <EnumEntry Name="YUV422_8_UYVY" NameSpace="Standard">
        <ToolTip>YUV 4:2:2 8-bit</ToolTip>
        <Description>YUV 4:2:2 8-bit</Description>
        <DisplayName>YUV422_8_UYVY</DisplayName>
        <Value>0x0210001F</Value>
      </EnumEntry>
      <Value>0</Value>
    </Enumeration>
    <Integer Name="BufferDeliveredImageHeight" NameSpace="Standard">
      <!-- Optional element -->
      <ToolTip>The number of lines in the current buffer part as delivered by the transport mechanism.</ToolTip>
      <Description>The number of lines in the current buffer part as delivered by the transport mechanism. For area scan type images, this is usually the number of lines configured in the device. For variable size linescan images, this number may be lower than the configured image height.</Description>
      <DisplayName>Buffer Delivered Image Height</DisplayName>
      <Visibility>Expert</Visibility>
      <ImposedAccessMode>RO</ImposedAccessMode>
      <Value>0</Value>
    </Integer>
    <Integer Name="BufferDeliveredChunkPayloadSize" NameSpace="Standard">
      <!-- Optional element -->
      <ToolTip>Size of the valid chunk payload data delivered in the buffer.</ToolTip>
      <Description>Size of the valid chunk payload data delivered in the buffer.</Description>
      <DisplayName>Buffer Delivered Chunk Payload Size</DisplayName>
      <Visibility>Expert</Visibility>
      <ImposedAccessMode>RO</ImposedAccessMode>
      <Value>0</Value>
    </Integer>
    <Integer Name="BufferChunkLayoutID" NameSpace="Standard">
      <!-- Optional element -->
      <ToolTip>ID of the chunk data layout delivered in the buffer.</ToolTip>
      <Description>ID of the chunk data layout delivered in the buffer. Can be used to track changes of the layout data among individual buffers.</Description>
      <DisplayName>Buffer Chunk Layout ID</DisplayName>
      <Visibility>Expert</Visibility>
      <ImposedAccessMode>RO</ImposedAccessMode>
      <Value>0</Value>
    </Integer>
    <String Name="BufferFileName" NameSpace="Standard">
      <!-- Optional element -->
      <ToolTip>Filename for the file payload data delivered in the buffer.</ToolTip>
      <Description>Filename for the file payload data delivered in the buffer.</Description>
      <DisplayName>Buffer File Name</DisplayName>
      <Visibility>Expert</Visibility>
      <ImposedAccessMode>RO</ImposedAccessMode>
      <Value>abc</Value>
    </String>
  </Group>
  <!-- ***************************************** -->
  <!-- SpecialFeatures -->
  <!-- ***************************************** -->
  <Group Comment="SpecialFeatures">
    <Port Name="BufferPort" NameSpace="Standard">
      <!-- Optional element -->
      <ToolTip>The GenICam port through which the Buffer module is accessed.</ToolTip>
      <Description>The GenICam port through which the Buffer module is accessed.</Description>
      <DisplayName>Buffer Port</DisplayName>
      <Visibility>Invisible</Visibility>
      <ImposedAccessMode>RW</ImposedAccessMode>
    </Port>
  </Group>
</RegisterDescription>
